id,1,2,3,4
4,0.7,0.0,0.0,0.3
6,0.4,0.1,0.2,0.3
7,0.5,0.4,0.0,0.1
10,0.6,0.2,0.0,0.2
16,0.7,0.1,0.1,0.1
17,0.3,0.2,0.2,0.3
19,0.5,0.1,0.3,0.1
20,0.5,0.1,0.1,0.3
27,0.7,0.3,0.0,0.0
28,0.1,0.5,0.1,0.3
30,0.5,0.2,0.2,0.1
39,0.5,0.3,0.0,0.2
45,0.6,0.3,0.0,0.1
46,0.7,0.2,0.0,0.1
48,0.2,0.2,0.1,0.5
52,0.2,0.7,0.0,0.1
59,0.7,0.0,0.2,0.1
69,0.8,0.0,0.0,0.2
71,0.3,0.6,0.0,0.1
76,0.3,0.4,0.0,0.3
79,0.4,0.4,0.1,0.1
80,0.3,0.1,0.3,0.3
81,0.2,0.2,0.1,0.5
88,0.6,0.1,0.2,0.1
90,0.4,0.2,0.2,0.2
97,0.3,0.7,0.0,0.0
104,0.5,0.1,0.0,0.4
107,0.3,0.1,0.4,0.2
113,0.6,0.3,0.0,0.1
120,0.3,0.3,0.4,0.0
123,0.7,0.0,0.1,0.2
129,0.4,0.1,0.1,0.4
133,0.5,0.1,0.2,0.2
138,0.5,0.2,0.1,0.2
139,0.7,0.2,0.1,0.0
142,0.6,0.1,0.0,0.3
145,0.3,0.3,0.0,0.4
149,0.3,0.3,0.1,0.3
155,0.3,0.4,0.2,0.1
160,0.1,0.6,0.1,0.2
164,0.4,0.5,0.0,0.1
168,0.4,0.1,0.2,0.3
170,0.9,0.0,0.1,0.0
181,0.1,0.6,0.1,0.2
184,0.2,0.2,0.4,0.2
193,0.7,0.2,0.0,0.1
196,0.5,0.3,0.1,0.1
197,0.4,0.1,0.1,0.4
201,0.3,0.1,0.3,0.3
203,0.4,0.3,0.0,0.3
206,0.4,0.4,0.1,0.1
207,0.1,0.1,0.2,0.6
210,0.4,0.4,0.0,0.2
213,0.8,0.0,0.1,0.1
216,0.6,0.2,0.1,0.1
218,0.4,0.1,0.1,0.4
221,0.5,0.3,0.1,0.1
223,0.1,0.1,0.0,0.8
224,0.3,0.1,0.3,0.3
235,0.5,0.0,0.2,0.3
239,0.4,0.4,0.0,0.2
241,0.6,0.0,0.0,0.4
242,0.4,0.3,0.0,0.3
243,0.5,0.4,0.0,0.1
251,0.6,0.2,0.1,0.1
254,0.7,0.1,0.1,0.1
256,0.2,0.4,0.3,0.1
262,0.3,0.1,0.3,0.3
264,0.8,0.1,0.1,0.0
273,0.4,0.4,0.2,0.0
276,0.1,0.2,0.6,0.1
279,0.5,0.0,0.1,0.4
280,0.5,0.2,0.0,0.3
288,0.4,0.3,0.0,0.3
292,0.2,0.7,0.1,0.0
296,0.4,0.3,0.0,0.3
298,0.8,0.0,0.0,0.2
299,0.4,0.4,0.0,0.2
301,0.4,0.3,0.1,0.2
302,0.7,0.1,0.1,0.1
317,0.1,0.0,0.1,0.8
322,0.4,0.4,0.1,0.1
325,0.7,0.0,0.2,0.1
330,0.3,0.2,0.4,0.1
332,0.4,0.5,0.0,0.1
333,0.5,0.2,0.0,0.3
339,0.6,0.2,0.1,0.1
340,0.2,0.0,0.2,0.6
341,0.1,0.0,0.1,0.8
342,0.3,0.4,0.3,0.0
345,0.4,0.1,0.2,0.3
352,0.4,0.0,0.0,0.6
359,0.5,0.2,0.3,0.0
366,0.0,0.7,0.2,0.1
368,0.9,0.0,0.0,0.1
369,0.4,0.3,0.0,0.3
371,0.0,0.1,0.6,0.3
382,0.2,0.3,0.1,0.4
389,0.1,0.6,0.2,0.1
393,0.7,0.1,0.0,0.2
395,0.3,0.4,0.0,0.3
396,0.7,0.0,0.1,0.2
399,0.4,0.1,0.1,0.4
400,0.7,0.2,0.0,0.1
411,0.5,0.4,0.1,0.0
415,0.1,0.6,0.2,0.1
417,0.3,0.2,0.1,0.4
418,0.8,0.1,0.0,0.1
421,0.4,0.5,0.1,0.0
426,0.3,0.3,0.1,0.3
427,0.6,0.0,0.1,0.3
428,0.4,0.3,0.2,0.1
439,0.6,0.2,0.0,0.2
451,0.1,0.5,0.1,0.3
452,0.5,0.3,0.1,0.1
454,0.7,0.3,0.0,0.0
460,1.0,0.0,0.0,0.0
464,0.1,0.4,0.2,0.3
465,0.4,0.2,0.1,0.3
473,0.2,0.6,0.1,0.1
477,0.5,0.1,0.0,0.4
478,0.5,0.1,0.1,0.3
479,0.4,0.2,0.1,0.3
480,0.9,0.0,0.0,0.1
482,0.6,0.1,0.0,0.3
483,0.3,0.4,0.0,0.3
487,0.3,0.3,0.2,0.2
496,0.6,0.2,0.0,0.2
499,0.7,0.2,0.1,0.0
500,0.5,0.1,0.1,0.3
512,0.4,0.4,0.1,0.1
513,0.2,0.4,0.1,0.3
520,0.1,0.5,0.3,0.1
523,0.6,0.2,0.0,0.2
524,0.3,0.4,0.1,0.2
526,0.5,0.1,0.1,0.3
530,0.9,0.0,0.0,0.1
532,0.5,0.2,0.1,0.2
533,0.3,0.3,0.1,0.3
536,0.1,0.6,0.1,0.2
539,0.4,0.5,0.0,0.1
543,0.3,0.4,0.3,0.0
552,0.2,0.2,0.2,0.4
555,0.7,0.2,0.0,0.1
559,0.2,0.1,0.3,0.4
560,0.4,0.3,0.0,0.3
563,0.0,0.4,0.2,0.4
564,0.3,0.1,0.2,0.4
566,0.2,0.3,0.1,0.4
575,0.7,0.1,0.1,0.1
580,0.6,0.3,0.0,0.1
586,0.2,0.3,0.2,0.3
589,0.8,0.1,0.0,0.1
591,0.6,0.1,0.3,0.0
593,0.5,0.2,0.0,0.3
597,0.7,0.0,0.1,0.2
599,0.5,0.1,0.1,0.3
601,0.4,0.1,0.2,0.3
604,0.1,0.8,0.0,0.1
608,0.6,0.1,0.1,0.2
610,0.7,0.1,0.1,0.1
615,0.5,0.1,0.0,0.4
617,0.2,0.5,0.1,0.2
621,0.4,0.2,0.2,0.2
626,0.4,0.1,0.2,0.3
629,0.8,0.0,0.1,0.1
631,0.1,0.2,0.6,0.1
632,0.3,0.4,0.2,0.1
634,0.3,0.0,0.3,0.4
638,0.5,0.3,0.1,0.1
641,0.6,0.2,0.0,0.2
642,0.6,0.3,0.0,0.1
651,0.6,0.1,0.1,0.2
652,0.5,0.1,0.0,0.4
654,0.2,0.0,0.2,0.6
655,0.4,0.3,0.0,0.3
656,0.6,0.0,0.1,0.3
658,0.3,0.4,0.1,0.2
661,0.1,0.7,0.1,0.1
666,0.6,0.1,0.0,0.3
667,0.2,0.2,0.3,0.3
669,0.7,0.1,0.1,0.1
673,0.4,0.3,0.2,0.1
676,0.5,0.5,0.0,0.0
679,0.5,0.1,0.2,0.2
682,0.7,0.0,0.1,0.2
683,0.6,0.1,0.2,0.1
686,0.4,0.2,0.1,0.3
690,0.5,0.0,0.1,0.4
694,0.9,0.0,0.0,0.1
695,0.6,0.2,0.0,0.2
697,0.2,0.3,0.2,0.3
704,0.7,0.2,0.0,0.1
707,1.0,0.0,0.0,0.0
710,0.3,0.0,0.6,0.1
716,0.1,0.2,0.1,0.6
717,0.8,0.1,0.1,0.0
723,0.9,0.0,0.0,0.1
726,0.5,0.2,0.1,0.2
728,0.2,0.1,0.6,0.1
731,0.8,0.1,0.1,0.0
734,0.8,0.1,0.0,0.1
735,0.4,0.3,0.0,0.3
737,0.4,0.4,0.1,0.1
738,0.4,0.3,0.1,0.2
740,0.5,0.1,0.2,0.2
741,0.7,0.1,0.2,0.0
742,0.4,0.3,0.1,0.2
750,0.5,0.1,0.0,0.4
751,0.4,0.2,0.2,0.2
755,0.7,0.0,0.1,0.2
759,0.1,0.2,0.7,0.0
765,0.2,0.6,0.0,0.2
766,0.7,0.0,0.0,0.3
767,0.5,0.2,0.2,0.1
769,0.1,0.3,0.6,0.0
770,0.1,0.4,0.4,0.1
771,0.7,0.0,0.2,0.1
774,0.5,0.1,0.1,0.3
775,0.9,0.0,0.0,0.1
776,0.3,0.2,0.1,0.4
777,0.4,0.1,0.2,0.3
789,0.1,0.1,0.0,0.8
790,0.4,0.2,0.2,0.2
799,0.4,0.4,0.0,0.2
800,0.6,0.3,0.1,0.0
802,0.6,0.1,0.2,0.1
811,0.8,0.2,0.0,0.0
812,0.3,0.2,0.3,0.2
821,0.7,0.2,0.0,0.1
835,0.2,0.3,0.1,0.4
836,0.3,0.5,0.0,0.2
837,0.4,0.5,0.1,0.0
840,0.7,0.1,0.0,0.2
848,0.4,0.2,0.1,0.3
849,0.4,0.1,0.0,0.5
852,0.4,0.3,0.0,0.3
854,0.5,0.2,0.2,0.1
866,1.0,0.0,0.0,0.0
867,0.2,0.1,0.2,0.5
872,0.3,0.2,0.1,0.4
885,0.6,0.3,0.0,0.1
893,0.2,0.3,0.5,0.0
895,0.5,0.4,0.0,0.1
900,0.3,0.1,0.1,0.5
902,0.6,0.1,0.0,0.3
909,0.6,0.3,0.1,0.0
910,0.9,0.1,0.0,0.0
911,0.5,0.2,0.1,0.2
912,0.2,0.5,0.1,0.2
914,0.3,0.3,0.0,0.4
918,0.3,0.3,0.2,0.2
920,0.8,0.0,0.0,0.2
921,0.4,0.6,0.0,0.0
926,0.2,0.3,0.3,0.2
928,0.4,0.5,0.0,0.1
933,0.5,0.2,0.3,0.0
937,0.2,0.2,0.0,0.6
939,0.7,0.2,0.0,0.1
943,0.7,0.0,0.0,0.3
953,1.0,0.0,0.0,0.0
957,0.3,0.1,0.0,0.6
959,0.3,0.1,0.3,0.3
966,0.2,0.5,0.1,0.2
968,0.6,0.2,0.1,0.1
969,0.3,0.1,0.3,0.3
972,0.6,0.3,0.0,0.1
976,0.3,0.1,0.3,0.3
978,0.2,0.2,0.1,0.5
980,0.4,0.1,0.0,0.5
984,0.5,0.1,0.2,0.2
985,0.1,0.6,0.1,0.2
988,0.7,0.3,0.0,0.0
992,0.4,0.1,0.0,0.5
996,0.8,0.1,0.0,0.1
997,0.3,0.4,0.0,0.3
998,0.3,0.1,0.1,0.5
1001,0.6,0.1,0.0,0.3
1003,0.6,0.1,0.0,0.3
1011,0.5,0.3,0.1,0.1
1015,0.3,0.5,0.0,0.2
1016,0.4,0.0,0.1,0.5
1018,0.8,0.2,0.0,0.0
1021,0.8,0.1,0.0,0.1
1037,0.5,0.3,0.0,0.2
1042,0.8,0.1,0.0,0.1
1044,0.3,0.1,0.3,0.3
1045,0.4,0.2,0.1,0.3
1049,0.3,0.1,0.4,0.2
1050,0.5,0.1,0.1,0.3
1055,0.3,0.2,0.1,0.4
1059,0.3,0.5,0.1,0.1
1060,0.2,0.3,0.4,0.1
1069,0.2,0.3,0.0,0.5
1070,0.5,0.3,0.1,0.1
1077,0.7,0.0,0.2,0.1
1080,0.0,0.0,0.9,0.1
1083,0.5,0.1,0.1,0.3
1084,0.7,0.1,0.1,0.1
1086,0.4,0.2,0.2,0.2
1089,0.7,0.1,0.1,0.1
1091,0.5,0.0,0.2,0.3
1094,0.5,0.3,0.2,0.0
1096,0.5,0.3,0.0,0.2
1099,0.7,0.2,0.1,0.0
1103,0.6,0.0,0.1,0.3
1106,0.3,0.0,0.5,0.2
1118,0.3,0.3,0.2,0.2
1119,0.7,0.1,0.1,0.1
1131,0.4,0.5,0.0,0.1
1141,0.9,0.1,0.0,0.0
1142,0.8,0.1,0.0,0.1
1143,0.5,0.0,0.2,0.3
1145,0.6,0.2,0.1,0.1
1150,0.0,0.0,1.0,0.0
1151,0.8,0.1,0.1,0.0
1155,0.3,0.3,0.1,0.3
1157,0.3,0.2,0.2,0.3
1161,0.2,0.3,0.2,0.3
1164,0.5,0.0,0.1,0.4
1166,0.8,0.0,0.0,0.2
1169,0.5,0.1,0.1,0.3
1171,0.1,0.4,0.0,0.5
1173,0.6,0.0,0.1,0.3
1180,0.3,0.4,0.2,0.1
1186,0.6,0.1,0.0,0.3
1188,0.4,0.1,0.3,0.2
1189,0.2,0.6,0.0,0.2
1190,0.9,0.1,0.0,0.0
1194,0.1,0.1,0.7,0.1
1201,0.5,0.1,0.0,0.4
1203,0.5,0.2,0.2,0.1
1209,0.5,0.3,0.1,0.1
1213,0.4,0.2,0.0,0.4
1218,0.0,0.5,0.2,0.3
1222,0.1,0.8,0.0,0.1
1225,0.5,0.3,0.0,0.2
1226,0.5,0.3,0.2,0.0
1230,0.8,0.1,0.0,0.1
1234,0.3,0.7,0.0,0.0
1237,0.2,0.4,0.2,0.2
1241,0.5,0.0,0.1,0.4
1245,0.2,0.0,0.2,0.6
1246,0.5,0.0,0.1,0.4
1249,0.3,0.0,0.1,0.6
1252,0.6,0.1,0.1,0.2
1253,0.2,0.3,0.0,0.5
1258,0.5,0.1,0.2,0.2
1259,0.7,0.1,0.2,0.0
1264,0.6,0.4,0.0,0.0
1266,0.3,0.5,0.1,0.1
1269,0.7,0.2,0.1,0.0
1271,0.5,0.1,0.2,0.2
1273,0.5,0.2,0.0,0.3
1274,0.8,0.0,0.1,0.1
1276,0.0,0.0,0.8,0.2
1280,0.1,0.7,0.0,0.2
1286,0.6,0.2,0.0,0.2
1294,0.4,0.1,0.1,0.4
1297,0.5,0.1,0.1,0.3
1299,0.2,0.3,0.2,0.3
1301,0.4,0.4,0.1,0.1
1303,0.5,0.4,0.0,0.1
1305,0.4,0.3,0.1,0.2
1308,0.2,0.2,0.0,0.6
1309,0.3,0.5,0.0,0.2
1312,0.5,0.1,0.2,0.2
1314,0.3,0.7,0.0,0.0
1322,0.7,0.3,0.0,0.0
1326,0.7,0.1,0.0,0.2
1330,0.6,0.3,0.1,0.0
1332,0.2,0.2,0.1,0.5
1337,0.5,0.5,0.0,0.0
1341,0.7,0.1,0.0,0.2
1343,0.5,0.0,0.0,0.5
1349,0.5,0.1,0.1,0.3
1351,0.2,0.2,0.1,0.5
1352,0.3,0.4,0.0,0.3
1355,0.3,0.2,0.4,0.1
1359,0.4,0.1,0.1,0.4
1361,0.8,0.0,0.1,0.1
1366,0.5,0.3,0.1,0.1
1371,0.3,0.1,0.1,0.5
1376,0.7,0.0,0.0,0.3
1377,0.5,0.4,0.0,0.1
1381,0.6,0.1,0.0,0.3
1383,0.4,0.1,0.0,0.5
1384,0.7,0.1,0.0,0.2
1391,0.4,0.2,0.0,0.4
1392,0.5,0.0,0.0,0.5
1394,0.4,0.2,0.1,0.3
1399,0.4,0.6,0.0,0.0
1406,0.4,0.0,0.2,0.4
1409,0.6,0.3,0.0,0.1
1414,0.3,0.1,0.1,0.5
1419,0.3,0.4,0.1,0.2
1424,0.9,0.0,0.0,0.1
1429,0.2,0.2,0.1,0.5
1434,0.4,0.2,0.1,0.3
1440,0.0,0.0,0.9,0.1
1441,0.5,0.2,0.0,0.3
1446,0.6,0.0,0.1,0.3
1452,0.5,0.3,0.0,0.2
1453,0.0,0.0,0.9,0.1
1462,0.3,0.4,0.1,0.2
1465,0.5,0.1,0.4,0.0
1466,0.6,0.2,0.0,0.2
1473,0.2,0.4,0.1,0.3
1475,0.3,0.4,0.1,0.2
1478,0.5,0.1,0.3,0.1
1479,0.6,0.3,0.1,0.0
1481,0.1,0.3,0.1,0.5
1483,0.3,0.3,0.2,0.2
1492,0.5,0.2,0.2,0.1
1493,0.6,0.2,0.1,0.1
1494,0.7,0.0,0.1,0.2
1498,0.4,0.2,0.2,0.2
1501,0.3,0.2,0.0,0.5
1504,0.5,0.3,0.2,0.0
1507,0.8,0.1,0.0,0.1
1508,0.1,0.5,0.1,0.3
1513,0.6,0.0,0.1,0.3
1516,0.4,0.2,0.2,0.2
1519,0.3,0.0,0.0,0.7
1522,0.5,0.1,0.1,0.3
1523,0.7,0.2,0.0,0.1
1525,0.8,0.1,0.0,0.1
1539,0.3,0.4,0.1,0.2
1540,0.3,0.2,0.3,0.2
1544,0.8,0.0,0.1,0.1
1545,0.4,0.1,0.2,0.3
1549,0.2,0.7,0.0,0.1
1550,0.2,0.0,0.7,0.1
1554,0.5,0.1,0.1,0.3
1555,0.2,0.5,0.0,0.3
1557,0.5,0.4,0.0,0.1
1560,0.4,0.2,0.1,0.3
1562,0.7,0.2,0.0,0.1
1564,0.2,0.2,0.5,0.1
1571,0.5,0.4,0.0,0.1
1584,0.6,0.2,0.1,0.1
1590,0.9,0.0,0.0,0.1
1592,0.6,0.2,0.0,0.2
1594,0.1,0.2,0.3,0.4
1598,0.3,0.3,0.3,0.1
1599,0.3,0.4,0.2,0.1
1602,0.6,0.3,0.0,0.1
1603,0.4,0.2,0.3,0.1
1609,0.6,0.1,0.0,0.3
1616,0.1,0.5,0.1,0.3
1617,0.4,0.0,0.3,0.3
1618,0.2,0.2,0.3,0.3
1624,0.6,0.0,0.1,0.3
1625,0.8,0.1,0.0,0.1
1626,0.9,0.1,0.0,0.0
1632,0.3,0.2,0.1,0.4
1633,0.6,0.2,0.1,0.1
1636,0.1,0.3,0.2,0.4
1638,0.6,0.0,0.3,0.1
1647,0.6,0.2,0.1,0.1
1654,0.4,0.5,0.0,0.1
1655,0.3,0.2,0.0,0.5
1660,0.4,0.1,0.1,0.4
1663,0.5,0.3,0.0,0.2
1667,0.7,0.2,0.0,0.1
1669,0.7,0.2,0.0,0.1
1670,0.5,0.1,0.0,0.4
1672,0.6,0.1,0.0,0.3
1673,0.5,0.1,0.1,0.3
1675,0.5,0.1,0.1,0.3
1679,0.5,0.2,0.1,0.2
1680,0.6,0.2,0.0,0.2
1684,0.6,0.1,0.1,0.2
1690,0.2,0.4,0.1,0.3
1695,0.8,0.0,0.1,0.1
1697,0.1,0.1,0.4,0.4
1698,0.2,0.1,0.0,0.7
1703,0.6,0.2,0.1,0.1
1704,0.8,0.1,0.1,0.0
1716,0.4,0.0,0.0,0.6
1720,0.8,0.1,0.0,0.1
1729,0.4,0.2,0.0,0.4
1731,0.4,0.0,0.2,0.4
1733,0.7,0.2,0.0,0.1
1736,0.5,0.3,0.0,0.2
1737,0.9,0.0,0.0,0.1
1741,0.2,0.7,0.0,0.1
1742,0.3,0.2,0.0,0.5
1743,0.3,0.4,0.0,0.3
1745,0.0,0.9,0.1,0.0
1755,0.4,0.2,0.0,0.4
1756,0.4,0.1,0.2,0.3
1766,0.2,0.0,0.3,0.5
1768,0.1,0.0,0.3,0.6
1771,0.7,0.2,0.0,0.1
1772,0.4,0.5,0.0,0.1
1773,0.6,0.2,0.0,0.2
1775,0.3,0.3,0.0,0.4
1776,0.1,0.3,0.1,0.5
1778,0.3,0.6,0.0,0.1
1782,0.6,0.2,0.0,0.2
1788,0.8,0.2,0.0,0.0
1791,0.5,0.2,0.0,0.3
1794,0.9,0.0,0.0,0.1
1795,0.2,0.4,0.3,0.1
1799,0.3,0.2,0.3,0.2
1804,0.4,0.2,0.1,0.3
1806,0.1,0.4,0.2,0.3
1808,0.3,0.3,0.1,0.3
1821,0.4,0.0,0.0,0.6
1822,0.2,0.2,0.6,0.0
1823,0.3,0.1,0.0,0.6
1826,0.4,0.1,0.1,0.4
1828,0.7,0.0,0.1,0.2
1834,0.9,0.1,0.0,0.0
1837,0.2,0.6,0.1,0.1
1841,0.5,0.1,0.3,0.1
1843,0.1,0.2,0.1,0.6
1848,0.7,0.2,0.0,0.1
1852,0.6,0.1,0.0,0.3
1861,0.2,0.4,0.0,0.4
1865,0.6,0.2,0.0,0.2
1868,0.4,0.4,0.0,0.2
1882,0.4,0.2,0.1,0.3
1885,0.4,0.4,0.1,0.1
1887,0.6,0.2,0.1,0.1
1890,0.2,0.4,0.3,0.1
1891,0.7,0.0,0.1,0.2
1895,0.2,0.3,0.2,0.3
1897,0.7,0.1,0.1,0.1
1900,0.5,0.2,0.3,0.0
1903,0.6,0.1,0.3,0.0
1905,0.2,0.3,0.2,0.3
1920,0.6,0.3,0.1,0.0
1928,0.5,0.1,0.0,0.4
1929,0.6,0.0,0.1,0.3
1931,0.3,0.4,0.0,0.3
1934,0.2,0.3,0.2,0.3
1941,0.5,0.3,0.1,0.1
1942,0.7,0.1,0.0,0.2
1945,0.7,0.2,0.1,0.0
1946,0.4,0.1,0.2,0.3
1951,0.5,0.4,0.1,0.0
1959,0.3,0.5,0.1,0.1
1962,0.4,0.2,0.2,0.2
1966,0.3,0.2,0.4,0.1
1971,0.6,0.1,0.0,0.3
1973,0.6,0.2,0.1,0.1
1976,1.0,0.0,0.0,0.0
1979,0.7,0.1,0.1,0.1
1982,0.5,0.2,0.1,0.2
1987,0.1,0.9,0.0,0.0
1991,0.4,0.2,0.1,0.3
1992,0.3,0.2,0.1,0.4
1996,0.3,0.5,0.0,0.2
1998,0.8,0.1,0.0,0.1
2001,0.6,0.2,0.1,0.1
2004,0.9,0.0,0.0,0.1
2013,0.1,0.1,0.6,0.2
2015,0.3,0.4,0.2,0.1
2021,0.8,0.0,0.2,0.0
2022,0.2,0.4,0.1,0.3
2024,0.5,0.2,0.1,0.2
2026,0.0,0.9,0.0,0.1
2028,0.2,0.1,0.5,0.2
2034,0.6,0.3,0.1,0.0
2039,0.5,0.1,0.1,0.3
2043,0.5,0.1,0.1,0.3
2044,0.3,0.3,0.1,0.3
2045,0.3,0.2,0.2,0.3
2048,0.4,0.0,0.3,0.3
2050,0.3,0.1,0.1,0.5
2052,0.4,0.2,0.1,0.3
2054,0.7,0.0,0.0,0.3
2056,0.6,0.0,0.3,0.1
2058,0.7,0.2,0.0,0.1
2060,0.5,0.3,0.0,0.2
2069,0.2,0.3,0.0,0.5
2070,0.7,0.0,0.1,0.2
2073,0.8,0.2,0.0,0.0
2083,0.3,0.2,0.5,0.0
2087,0.5,0.3,0.1,0.1
2089,0.4,0.1,0.2,0.3
2091,0.8,0.1,0.0,0.1
2095,0.8,0.0,0.1,0.1
2117,0.6,0.1,0.1,0.2
2121,0.8,0.1,0.0,0.1
2123,0.5,0.0,0.1,0.4
2126,0.5,0.3,0.2,0.0
2127,0.1,0.1,0.6,0.2
2129,0.7,0.1,0.2,0.0
2130,1.0,0.0,0.0,0.0
2134,0.2,0.3,0.4,0.1
2136,0.5,0.2,0.0,0.3
2138,0.4,0.2,0.0,0.4
2144,0.7,0.0,0.1,0.2
2148,0.4,0.2,0.1,0.3
2155,0.5,0.0,0.0,0.5
2158,0.8,0.0,0.1,0.1
2160,0.3,0.6,0.0,0.1
2162,0.6,0.2,0.0,0.2
2163,0.2,0.5,0.1,0.2
2164,0.6,0.1,0.1,0.2
2169,0.2,0.6,0.0,0.2
2170,0.1,0.1,0.7,0.1
2171,0.4,0.1,0.2,0.3
2173,0.1,0.4,0.0,0.5
2177,0.3,0.3,0.3,0.1
2187,0.5,0.4,0.0,0.1
2199,0.3,0.0,0.2,0.5
2206,0.7,0.0,0.1,0.2
2207,0.3,0.5,0.1,0.1
2217,0.5,0.3,0.0,0.2
2218,0.3,0.3,0.3,0.1
2219,0.3,0.5,0.0,0.2
2222,0.4,0.1,0.5,0.0
2224,0.6,0.0,0.2,0.2
2225,0.9,0.0,0.0,0.1
2226,0.4,0.2,0.0,0.4
2230,0.2,0.1,0.2,0.5
2236,0.1,0.4,0.4,0.1
2239,0.8,0.2,0.0,0.0
2245,0.9,0.1,0.0,0.0
2251,0.8,0.1,0.0,0.1
2252,0.4,0.1,0.2,0.3
2255,0.1,0.4,0.3,0.2
2271,0.5,0.0,0.1,0.4
2275,0.7,0.1,0.0,0.2
2278,0.4,0.1,0.0,0.5
2279,0.1,0.0,0.8,0.1
2283,0.4,0.2,0.3,0.1
2284,0.4,0.3,0.1,0.2
2287,0.5,0.3,0.0,0.2
2291,0.7,0.2,0.0,0.1
2292,0.6,0.2,0.0,0.2
2296,0.6,0.3,0.0,0.1
2297,0.2,0.2,0.1,0.5
2305,0.0,0.7,0.2,0.1
2309,0.5,0.2,0.1,0.2
2311,0.2,0.4,0.1,0.3
2312,0.2,0.7,0.0,0.1
2313,0.0,0.1,0.8,0.1
2314,0.3,0.4,0.1,0.2
2315,0.7,0.1,0.0,0.2
2317,0.4,0.3,0.0,0.3
2326,0.4,0.4,0.1,0.1
2328,0.3,0.3,0.1,0.3
2329,0.4,0.3,0.1,0.2
2336,0.7,0.0,0.3,0.0
2342,0.6,0.3,0.0,0.1
2343,0.4,0.1,0.2,0.3
2347,0.2,0.1,0.2,0.5
2352,0.1,0.6,0.1,0.2
2354,0.1,0.4,0.0,0.5
2356,0.5,0.2,0.0,0.3
2359,0.4,0.3,0.1,0.2
2363,0.7,0.3,0.0,0.0
2375,0.3,0.2,0.0,0.5
2389,0.5,0.1,0.2,0.2
2392,0.2,0.0,0.4,0.4
2397,0.6,0.2,0.0,0.2
2403,0.8,0.0,0.0,0.2
2404,0.5,0.0,0.2,0.3
2416,0.1,0.6,0.0,0.3
2417,0.8,0.0,0.1,0.1
2418,0.3,0.4,0.1,0.2
2423,0.5,0.3,0.0,0.2
2425,0.4,0.3,0.1,0.2
2428,0.5,0.0,0.0,0.5
2437,0.3,0.2,0.1,0.4
2445,0.5,0.1,0.1,0.3
2446,0.4,0.2,0.1,0.3
2458,0.9,0.1,0.0,0.0
2460,0.4,0.4,0.0,0.2
2462,0.2,0.1,0.1,0.6
2466,0.3,0.4,0.3,0.0
2468,0.1,0.6,0.1,0.2
2475,0.4,0.1,0.5,0.0
2476,0.8,0.2,0.0,0.0
2477,0.6,0.4,0.0,0.0
2479,0.3,0.4,0.1,0.2
2485,0.8,0.1,0.0,0.1
2495,0.1,0.8,0.0,0.1
2497,0.7,0.3,0.0,0.0
2498,0.6,0.0,0.0,0.4
2502,0.9,0.0,0.0,0.1
2507,0.4,0.1,0.0,0.5
2509,0.5,0.2,0.0,0.3
2510,0.5,0.1,0.4,0.0
2516,0.3,0.4,0.1,0.2
2530,0.3,0.1,0.2,0.4
2531,0.4,0.1,0.2,0.3
2532,0.2,0.4,0.1,0.3
2533,0.3,0.1,0.1,0.5
2534,0.3,0.2,0.0,0.5
2536,0.3,0.2,0.2,0.3
2545,0.2,0.5,0.3,0.0
2548,0.5,0.2,0.1,0.2
2565,0.6,0.1,0.1,0.2
2570,0.5,0.1,0.0,0.4
2571,0.5,0.1,0.1,0.3
2572,0.4,0.2,0.0,0.4
2575,0.4,0.0,0.3,0.3
2577,0.3,0.3,0.1,0.3
2580,0.1,0.5,0.0,0.4
2582,0.2,0.5,0.2,0.1
2583,0.3,0.2,0.0,0.5
2585,0.6,0.1,0.1,0.2
2587,0.3,0.6,0.1,0.0
2589,0.7,0.0,0.1,0.2
2593,0.3,0.3,0.1,0.3
2598,0.6,0.1,0.1,0.2
2608,0.9,0.0,0.0,0.1
2616,0.5,0.2,0.1,0.2
2619,0.7,0.2,0.0,0.1
2625,0.6,0.3,0.1,0.0
2627,0.9,0.1,0.0,0.0
2630,0.4,0.3,0.1,0.2
2633,0.7,0.1,0.0,0.2
2636,0.7,0.2,0.0,0.1
2637,0.5,0.2,0.0,0.3
2638,0.2,0.3,0.0,0.5
2643,0.5,0.0,0.3,0.2
2650,0.3,0.1,0.5,0.1
2652,0.4,0.4,0.0,0.2
2653,0.4,0.0,0.2,0.4
2655,0.3,0.3,0.1,0.3
2657,0.1,0.5,0.4,0.0
2661,0.5,0.2,0.1,0.2
2671,0.7,0.0,0.0,0.3
2672,0.7,0.1,0.1,0.1
2675,0.9,0.1,0.0,0.0
2676,0.6,0.2,0.2,0.0
2678,0.4,0.0,0.1,0.5
2679,0.2,0.4,0.2,0.2
2685,0.5,0.0,0.3,0.2
2687,0.6,0.0,0.1,0.3
2689,0.2,0.1,0.6,0.1
2693,0.4,0.3,0.2,0.1
2705,0.2,0.0,0.4,0.4
2706,0.4,0.0,0.1,0.5
2708,0.4,0.2,0.3,0.1
2719,0.4,0.2,0.4,0.0
2721,0.3,0.4,0.0,0.3
2732,0.2,0.2,0.0,0.6
2735,0.0,0.4,0.2,0.4
2737,0.2,0.1,0.3,0.4
2738,0.8,0.0,0.1,0.1
2740,0.2,0.3,0.2,0.3
2745,0.6,0.2,0.1,0.1
2747,0.5,0.2,0.3,0.0
2749,0.4,0.2,0.2,0.2
2751,0.6,0.1,0.0,0.3
2755,0.4,0.1,0.1,0.4
2757,0.5,0.2,0.0,0.3
2758,0.1,0.5,0.0,0.4
2759,0.7,0.2,0.1,0.0
2760,0.1,0.4,0.0,0.5
2762,0.8,0.1,0.0,0.1
2765,0.2,0.7,0.0,0.1
2769,0.5,0.1,0.1,0.3
2771,0.3,0.2,0.0,0.5
2773,0.4,0.5,0.0,0.1
2777,0.3,0.1,0.1,0.5
2778,0.5,0.1,0.2,0.2
2781,0.3,0.5,0.1,0.1
2782,0.2,0.4,0.0,0.4
2783,0.7,0.1,0.2,0.0
2788,0.5,0.2,0.0,0.3
2794,0.2,0.2,0.2,0.4
2797,0.1,0.2,0.2,0.5
2802,0.7,0.1,0.0,0.2
2812,0.3,0.1,0.5,0.1
2819,0.6,0.2,0.0,0.2
2821,0.5,0.0,0.1,0.4
2831,0.8,0.1,0.0,0.1
2864,0.2,0.7,0.1,0.0
2878,0.7,0.1,0.0,0.2
2879,0.9,0.0,0.0,0.1
2883,0.4,0.3,0.1,0.2
2892,0.8,0.1,0.0,0.1
2897,0.7,0.1,0.0,0.2
2899,0.7,0.0,0.0,0.3
2903,0.3,0.2,0.3,0.2
2907,0.2,0.3,0.3,0.2
2909,0.5,0.2,0.1,0.2
2914,0.3,0.2,0.0,0.5
2918,0.6,0.1,0.1,0.2
2919,0.5,0.1,0.0,0.4
2923,0.4,0.5,0.1,0.0
2924,0.8,0.1,0.0,0.1
2925,0.5,0.1,0.2,0.2
2927,0.6,0.1,0.1,0.2
2931,0.0,0.7,0.1,0.2
2934,0.7,0.1,0.0,0.2
2935,0.4,0.3,0.1,0.2
2937,0.6,0.2,0.0,0.2
2940,0.1,0.1,0.4,0.4
2947,0.1,0.2,0.1,0.6
2948,0.7,0.1,0.0,0.2
2952,0.6,0.0,0.2,0.2
2953,0.2,0.5,0.2,0.1
2967,0.7,0.3,0.0,0.0
2970,0.5,0.0,0.0,0.5
2971,0.4,0.0,0.0,0.6
2974,0.7,0.2,0.0,0.1
2982,0.5,0.3,0.1,0.1
2984,0.5,0.2,0.2,0.1
2994,0.3,0.4,0.0,0.3
2995,0.3,0.3,0.1,0.3
2997,0.6,0.0,0.3,0.1
3000,0.5,0.3,0.0,0.2
3001,0.4,0.0,0.1,0.5
3006,0.5,0.0,0.2,0.3
3008,0.4,0.1,0.2,0.3
3009,0.3,0.1,0.0,0.6
3010,0.4,0.2,0.2,0.2
3021,0.8,0.0,0.1,0.1
3022,0.5,0.1,0.2,0.2
3024,0.4,0.4,0.1,0.1
3028,0.8,0.2,0.0,0.0
3029,0.5,0.3,0.1,0.1
3032,0.3,0.1,0.4,0.2
3034,0.2,0.8,0.0,0.0
3035,0.3,0.2,0.2,0.3
3039,0.4,0.2,0.2,0.2
3046,0.6,0.2,0.0,0.2
3048,0.2,0.7,0.0,0.1
3049,0.4,0.2,0.0,0.4
3051,0.4,0.3,0.1,0.2
3066,0.7,0.3,0.0,0.0
3068,0.0,0.3,0.2,0.5
3069,0.2,0.1,0.4,0.3
3072,0.5,0.1,0.1,0.3
3076,0.7,0.2,0.0,0.1
3077,0.2,0.5,0.1,0.2
3084,0.9,0.1,0.0,0.0
3090,0.8,0.0,0.1,0.1
3091,0.1,0.3,0.3,0.3
3099,0.5,0.3,0.0,0.2
3100,0.4,0.3,0.2,0.1
3104,0.4,0.3,0.0,0.3
3107,0.3,0.4,0.1,0.2
3109,0.7,0.2,0.0,0.1
3112,0.5,0.2,0.1,0.2
3113,0.7,0.0,0.2,0.1
3121,0.6,0.1,0.1,0.2
3122,0.4,0.4,0.0,0.2
3125,0.5,0.0,0.4,0.1
3128,0.6,0.2,0.1,0.1
3129,0.6,0.0,0.0,0.4
3137,0.4,0.5,0.1,0.0
3143,0.9,0.0,0.1,0.0
3151,0.3,0.4,0.1,0.2
3152,0.1,0.4,0.0,0.5
3158,0.7,0.0,0.0,0.3
3161,0.2,0.2,0.0,0.6
3162,0.3,0.4,0.0,0.3
3168,0.3,0.2,0.1,0.4
3178,0.3,0.2,0.0,0.5
3180,0.3,0.2,0.1,0.4
3181,0.3,0.3,0.0,0.4
3182,0.0,0.7,0.1,0.2
3187,0.7,0.0,0.0,0.3
3188,0.4,0.4,0.1,0.1
3193,0.2,0.8,0.0,0.0
3205,0.3,0.3,0.1,0.3
3219,0.7,0.0,0.0,0.3
3221,0.7,0.2,0.0,0.1
3222,0.4,0.3,0.0,0.3
3225,0.2,0.2,0.3,0.3
3226,0.5,0.2,0.2,0.1
3242,0.7,0.1,0.0,0.2
3245,0.7,0.1,0.1,0.1
3247,0.3,0.6,0.0,0.1
3250,0.6,0.3,0.0,0.1
3253,0.4,0.4,0.0,0.2
3254,0.4,0.2,0.0,0.4
3257,0.0,0.9,0.1,0.0
3258,0.3,0.2,0.0,0.5
3265,0.6,0.3,0.0,0.1
3266,0.4,0.3,0.0,0.3
3269,0.5,0.1,0.1,0.3
3270,0.8,0.1,0.1,0.0
3272,0.6,0.1,0.0,0.3
3273,0.7,0.0,0.1,0.2
3276,0.8,0.0,0.0,0.2
3281,0.8,0.2,0.0,0.0
3282,0.3,0.1,0.3,0.3
3284,0.3,0.2,0.0,0.5
3286,0.5,0.3,0.2,0.0
3289,0.4,0.2,0.1,0.3
3291,0.5,0.2,0.2,0.1
3292,0.5,0.3,0.1,0.1
3293,0.7,0.1,0.0,0.2
3298,0.7,0.2,0.0,0.1
3299,0.0,0.1,0.7,0.2
3306,0.3,0.5,0.0,0.2
3307,0.1,0.6,0.1,0.2
3309,0.0,0.5,0.3,0.2
3311,0.5,0.3,0.1,0.1
3314,0.5,0.1,0.1,0.3
3315,0.4,0.1,0.1,0.4
3318,0.2,0.4,0.1,0.3
3320,0.2,0.2,0.1,0.5
3321,0.6,0.0,0.1,0.3
3323,0.6,0.0,0.1,0.3
3324,0.9,0.1,0.0,0.0
3325,0.3,0.4,0.1,0.2
3331,0.3,0.2,0.3,0.2
3342,0.6,0.1,0.1,0.2
3344,0.2,0.4,0.0,0.4
3349,0.3,0.2,0.1,0.4
3350,0.4,0.1,0.2,0.3
3352,0.5,0.2,0.0,0.3
3353,0.8,0.1,0.0,0.1
3360,0.3,0.1,0.4,0.2
3361,0.4,0.5,0.0,0.1
3362,0.3,0.1,0.0,0.6
3365,0.4,0.5,0.0,0.1
3367,0.3,0.4,0.1,0.2
3371,0.3,0.0,0.3,0.4
3374,0.6,0.0,0.2,0.2
3375,0.5,0.3,0.1,0.1
3376,0.3,0.2,0.1,0.4
3378,0.2,0.5,0.3,0.0
3379,0.3,0.6,0.0,0.1
3386,0.5,0.2,0.2,0.1
3389,0.3,0.4,0.0,0.3
3390,0.5,0.1,0.3,0.1
3395,0.6,0.2,0.1,0.1
3398,0.6,0.1,0.0,0.3
3399,0.3,0.4,0.1,0.2
3400,0.4,0.2,0.2,0.2
3401,0.4,0.2,0.3,0.1
3402,0.6,0.1,0.1,0.2
3405,0.4,0.4,0.1,0.1
3406,0.6,0.2,0.1,0.1
3408,0.5,0.1,0.0,0.4
3415,0.2,0.7,0.0,0.1
3421,0.7,0.1,0.0,0.2
3425,0.8,0.2,0.0,0.0
3427,0.2,0.4,0.2,0.2
3431,0.2,0.5,0.1,0.2
3434,0.8,0.0,0.0,0.2
3436,0.9,0.1,0.0,0.0
3438,0.3,0.0,0.5,0.2
3440,0.8,0.0,0.0,0.2
3442,0.4,0.5,0.0,0.1
3445,0.1,0.6,0.1,0.2
3456,0.7,0.2,0.1,0.0
3458,0.5,0.2,0.0,0.3
3461,0.2,0.4,0.0,0.4
3464,0.3,0.3,0.1,0.3
3465,0.7,0.2,0.0,0.1
3466,0.3,0.3,0.2,0.2
3467,0.5,0.1,0.1,0.3
3479,0.0,0.6,0.3,0.1
3480,0.7,0.1,0.1,0.1
3481,0.4,0.2,0.0,0.4
3486,0.7,0.0,0.0,0.3
3492,0.7,0.1,0.1,0.1
3494,0.3,0.4,0.2,0.1
3499,0.3,0.6,0.0,0.1
3500,0.5,0.1,0.2,0.2
3501,0.8,0.1,0.0,0.1
3505,0.6,0.0,0.1,0.3
3512,0.2,0.3,0.4,0.1
3517,0.1,0.2,0.0,0.7
3522,0.4,0.1,0.1,0.4
3527,0.5,0.3,0.0,0.2
3533,0.8,0.0,0.0,0.2
3536,0.4,0.3,0.1,0.2
3541,0.4,0.1,0.4,0.1
3547,0.9,0.1,0.0,0.0
3549,0.7,0.3,0.0,0.0
3551,0.1,0.1,0.6,0.2
3552,0.1,0.3,0.1,0.5
3553,0.8,0.1,0.0,0.1
3559,0.3,0.2,0.1,0.4
3561,0.5,0.1,0.2,0.2
3564,0.2,0.4,0.2,0.2
3565,0.3,0.5,0.0,0.2
3568,0.3,0.2,0.3,0.2
3590,0.5,0.2,0.1,0.2
3596,0.7,0.2,0.0,0.1
3601,0.1,0.2,0.0,0.7
3602,0.4,0.1,0.1,0.4
3607,0.3,0.4,0.0,0.3
3608,0.6,0.1,0.0,0.3
3610,0.3,0.1,0.2,0.4
3612,0.4,0.1,0.1,0.4
3613,0.6,0.0,0.3,0.1
3616,0.6,0.1,0.1,0.2
3618,0.3,0.3,0.0,0.4
3619,0.2,0.3,0.2,0.3
3621,0.2,0.8,0.0,0.0
3626,0.5,0.4,0.1,0.0
3629,0.9,0.0,0.1,0.0
3634,0.3,0.4,0.1,0.2
3635,0.4,0.1,0.1,0.4
3639,0.4,0.2,0.1,0.3
3649,0.1,0.5,0.0,0.4
3650,0.1,0.4,0.2,0.3
3658,0.2,0.1,0.2,0.5
3659,0.5,0.0,0.0,0.5
3661,0.2,0.3,0.2,0.3
3670,0.7,0.1,0.2,0.0
3674,0.3,0.1,0.3,0.3
3675,0.1,0.0,0.7,0.2
3678,0.4,0.3,0.2,0.1
3681,0.7,0.0,0.1,0.2
3682,0.4,0.4,0.0,0.2
3685,0.3,0.4,0.2,0.1
3687,0.2,0.0,0.7,0.1
3692,0.2,0.5,0.1,0.2
3695,0.2,0.2,0.4,0.2
3696,0.6,0.1,0.1,0.2
3699,0.6,0.3,0.0,0.1
3700,0.2,0.3,0.0,0.5
3702,0.5,0.0,0.1,0.4
3703,0.2,0.4,0.1,0.3
3704,0.7,0.0,0.2,0.1
3706,0.3,0.4,0.3,0.0
3708,0.3,0.3,0.2,0.2
3709,0.5,0.1,0.1,0.3
3710,0.4,0.3,0.3,0.0
3711,0.6,0.2,0.1,0.1
3713,0.6,0.0,0.0,0.4
3717,0.3,0.1,0.4,0.2
3722,0.2,0.0,0.0,0.8
3724,0.3,0.0,0.1,0.6
3725,0.3,0.2,0.3,0.2
3726,0.7,0.0,0.2,0.1
3729,0.7,0.2,0.0,0.1
3730,0.7,0.2,0.1,0.0
3737,0.2,0.2,0.2,0.4
3738,0.6,0.3,0.0,0.1
3739,0.2,0.7,0.0,0.1
3741,0.6,0.1,0.1,0.2
3748,0.8,0.1,0.0,0.1
3750,0.8,0.2,0.0,0.0
3753,0.2,0.6,0.2,0.0
3755,0.0,0.6,0.1,0.3
3759,0.2,0.3,0.2,0.3
3762,0.6,0.3,0.0,0.1
3764,0.7,0.1,0.0,0.2
3775,0.4,0.2,0.0,0.4
3780,0.2,0.4,0.2,0.2
3787,0.6,0.4,0.0,0.0
3788,0.2,0.5,0.2,0.1
3793,0.0,0.4,0.6,0.0
3796,0.3,0.4,0.1,0.2
3800,0.5,0.1,0.1,0.3
3804,0.2,0.4,0.2,0.2
3808,0.2,0.6,0.0,0.2
3810,0.6,0.2,0.0,0.2
3813,0.2,0.3,0.5,0.0
3817,0.3,0.5,0.1,0.1
3819,0.7,0.2,0.0,0.1
3826,0.5,0.3,0.0,0.2
3827,0.1,0.6,0.0,0.3
3832,0.1,0.6,0.1,0.2
3844,0.3,0.3,0.2,0.2
3847,0.7,0.2,0.0,0.1
3850,0.6,0.3,0.0,0.1
3854,0.4,0.2,0.0,0.4
3856,0.3,0.4,0.2,0.1
3857,0.3,0.4,0.3,0.0
3859,0.3,0.1,0.3,0.3
3862,0.6,0.3,0.0,0.1
3864,0.8,0.0,0.0,0.2
3865,0.9,0.0,0.0,0.1
3866,0.4,0.1,0.2,0.3
3868,0.7,0.0,0.2,0.1
3869,0.5,0.2,0.3,0.0
3876,0.6,0.2,0.2,0.0
3877,0.4,0.2,0.0,0.4
3878,0.7,0.2,0.0,0.1
3881,0.2,0.3,0.0,0.5
3882,0.2,0.4,0.1,0.3
3894,0.3,0.4,0.1,0.2
3898,0.1,0.7,0.0,0.2
3901,0.4,0.3,0.2,0.1
3906,0.8,0.1,0.1,0.0
3910,0.2,0.1,0.5,0.2
3915,0.1,0.0,0.8,0.1
3924,0.5,0.3,0.0,0.2
3925,0.4,0.4,0.0,0.2
3926,0.4,0.3,0.1,0.2
3927,0.7,0.1,0.0,0.2
3928,0.4,0.3,0.1,0.2
3930,0.4,0.2,0.2,0.2
3931,0.3,0.4,0.0,0.3
3933,0.2,0.7,0.1,0.0
3934,0.4,0.6,0.0,0.0
3937,0.4,0.2,0.2,0.2
3938,0.5,0.1,0.3,0.1
3943,0.5,0.1,0.2,0.2
3944,0.2,0.5,0.3,0.0
3946,0.8,0.0,0.1,0.1
3948,0.7,0.0,0.0,0.3
3949,0.6,0.1,0.1,0.2
3950,0.3,0.5,0.0,0.2
3951,0.5,0.3,0.1,0.1
3953,0.5,0.3,0.0,0.2
3954,0.4,0.1,0.3,0.2
3960,0.4,0.4,0.0,0.2
3963,0.8,0.0,0.0,0.2
3965,0.5,0.4,0.0,0.1
3967,0.6,0.3,0.0,0.1
3974,0.2,0.8,0.0,0.0
3976,0.3,0.1,0.0,0.6
3977,0.7,0.1,0.0,0.2
3979,0.3,0.5,0.0,0.2
3981,0.3,0.1,0.3,0.3
3986,0.3,0.3,0.2,0.2
3989,0.4,0.5,0.0,0.1
3994,0.3,0.1,0.1,0.5
4002,0.8,0.1,0.0,0.1
4006,0.1,0.1,0.2,0.6
4009,0.8,0.1,0.0,0.1
4011,0.9,0.0,0.0,0.1
4012,0.2,0.1,0.5,0.2
4021,0.0,0.4,0.5,0.1
4023,0.7,0.2,0.1,0.0
4025,0.3,0.5,0.2,0.0
4033,0.3,0.4,0.2,0.1
4035,0.2,0.7,0.1,0.0
4037,0.5,0.3,0.1,0.1
4041,0.5,0.1,0.0,0.4
4045,0.5,0.2,0.1,0.2
4046,0.5,0.3,0.2,0.0
4048,0.5,0.1,0.0,0.4
4052,0.3,0.2,0.3,0.2
4054,0.2,0.3,0.1,0.4
4058,0.1,0.4,0.1,0.4
4060,0.6,0.2,0.0,0.2
4064,0.5,0.2,0.1,0.2
4080,0.3,0.4,0.2,0.1
4087,0.2,0.1,0.4,0.3
4090,0.4,0.1,0.1,0.4
4091,0.8,0.1,0.1,0.0
4093,0.6,0.3,0.0,0.1
4098,0.8,0.1,0.0,0.1
4101,0.5,0.2,0.2,0.1
4107,0.8,0.1,0.0,0.1
4110,0.5,0.4,0.0,0.1
4114,0.4,0.1,0.1,0.4
4121,0.5,0.2,0.3,0.0
4123,0.9,0.1,0.0,0.0
4127,0.5,0.2,0.0,0.3
4128,0.2,0.2,0.2,0.4
4138,0.3,0.5,0.0,0.2
4147,0.2,0.2,0.6,0.0
4149,0.8,0.0,0.0,0.2
4150,0.2,0.2,0.1,0.5
4155,0.1,0.4,0.2,0.3
4156,0.7,0.1,0.2,0.0
4160,0.3,0.5,0.2,0.0
4162,0.5,0.1,0.0,0.4
4167,0.5,0.4,0.1,0.0
4169,0.2,0.0,0.1,0.7
4172,0.7,0.1,0.1,0.1
4173,0.7,0.2,0.0,0.1
4174,0.4,0.4,0.1,0.1
4176,0.5,0.3,0.0,0.2
4185,0.3,0.1,0.2,0.4
4188,0.4,0.2,0.0,0.4
4189,0.9,0.1,0.0,0.0
4191,0.4,0.3,0.1,0.2
4192,0.6,0.2,0.0,0.2
4198,1.0,0.0,0.0,0.0
4202,0.7,0.1,0.0,0.2
4204,0.1,0.2,0.4,0.3
4211,0.4,0.0,0.1,0.5
4213,0.3,0.3,0.0,0.4
4216,0.6,0.1,0.0,0.3
4219,0.7,0.1,0.0,0.2
4220,0.6,0.1,0.1,0.2
4221,0.7,0.0,0.1,0.2
4223,0.3,0.1,0.2,0.4
4232,0.5,0.5,0.0,0.0
4235,0.5,0.3,0.2,0.0
4238,0.4,0.3,0.2,0.1
4239,0.3,0.2,0.3,0.2
4240,0.3,0.2,0.1,0.4
4250,0.9,0.1,0.0,0.0
4267,0.4,0.4,0.1,0.1
4270,0.5,0.0,0.1,0.4
4275,0.2,0.2,0.2,0.4
4281,0.6,0.0,0.0,0.4
4291,0.4,0.2,0.2,0.2
4297,0.6,0.0,0.0,0.4
4299,0.6,0.3,0.1,0.0
4300,0.3,0.4,0.2,0.1
4301,0.5,0.2,0.1,0.2
4303,0.5,0.3,0.1,0.1
4308,0.5,0.2,0.1,0.2
4311,0.4,0.2,0.1,0.3
4314,0.4,0.5,0.1,0.0
4315,0.7,0.0,0.0,0.3
4317,0.2,0.5,0.0,0.3
4320,0.7,0.1,0.1,0.1
4325,0.2,0.2,0.0,0.6
4329,0.1,0.3,0.2,0.4
4331,0.6,0.1,0.2,0.1
4335,0.2,0.3,0.3,0.2
4341,0.2,0.2,0.3,0.3
4343,0.5,0.2,0.1,0.2
4345,0.5,0.1,0.2,0.2
4346,0.3,0.3,0.0,0.4
4347,0.6,0.2,0.0,0.2
4348,0.1,0.2,0.6,0.1
4351,0.3,0.3,0.2,0.2
4355,0.5,0.3,0.1,0.1
4357,0.9,0.0,0.0,0.1
4358,0.7,0.1,0.1,0.1
4360,0.6,0.1,0.0,0.3
4362,0.2,0.4,0.1,0.3
4364,0.2,0.3,0.2,0.3
4365,0.7,0.2,0.0,0.1
4369,0.8,0.0,0.2,0.0
4370,0.3,0.3,0.2,0.2
4371,0.6,0.1,0.0,0.3
4373,0.1,0.6,0.0,0.3
4375,0.4,0.4,0.0,0.2
4380,0.2,0.5,0.0,0.3
4389,0.4,0.4,0.0,0.2
4408,0.7,0.1,0.1,0.1
4412,0.4,0.5,0.0,0.1
4421,0.3,0.4,0.0,0.3
4423,0.6,0.2,0.0,0.2
4424,0.5,0.0,0.2,0.3
4438,0.1,0.7,0.1,0.1
4439,0.3,0.4,0.1,0.2
4453,0.6,0.2,0.0,0.2
4455,0.6,0.1,0.0,0.3
4458,0.8,0.0,0.0,0.2
4467,0.7,0.1,0.0,0.2
4470,0.3,0.1,0.5,0.1
4474,0.6,0.0,0.1,0.3
4476,0.4,0.1,0.1,0.4
4478,0.5,0.3,0.0,0.2
4480,0.5,0.2,0.0,0.3
4482,0.7,0.0,0.0,0.3
4484,0.8,0.0,0.0,0.2
4485,0.0,0.1,0.6,0.3
4487,0.3,0.4,0.1,0.2
4488,0.7,0.1,0.1,0.1
4489,0.9,0.0,0.0,0.1
4498,0.4,0.3,0.2,0.1
4500,0.1,0.4,0.4,0.1
4503,0.5,0.4,0.0,0.1
4506,0.6,0.3,0.0,0.1
4509,0.2,0.4,0.1,0.3
4517,0.4,0.2,0.1,0.3
4527,0.0,0.2,0.4,0.4
4528,0.4,0.1,0.1,0.4
4529,0.5,0.0,0.2,0.3
4530,0.1,0.5,0.3,0.1
4535,0.5,0.2,0.0,0.3
4536,0.4,0.2,0.1,0.3
4541,0.4,0.1,0.2,0.3
4543,0.3,0.2,0.1,0.4
4544,0.2,0.3,0.0,0.5
4550,0.2,0.4,0.1,0.3
4555,0.4,0.5,0.0,0.1
4558,0.5,0.0,0.2,0.3
4559,0.2,0.4,0.1,0.3
4560,0.1,0.3,0.0,0.6
4564,0.5,0.2,0.0,0.3
4568,0.4,0.3,0.0,0.3
4572,0.4,0.1,0.1,0.4
4577,0.3,0.1,0.1,0.5
4581,0.5,0.2,0.1,0.2
4583,0.4,0.0,0.2,0.4
4595,0.3,0.6,0.0,0.1
4596,0.4,0.5,0.0,0.1
4598,0.5,0.1,0.1,0.3
4599,0.2,0.4,0.1,0.3
4602,0.5,0.1,0.2,0.2
4611,0.5,0.5,0.0,0.0
4613,0.5,0.0,0.0,0.5
4618,0.3,0.1,0.1,0.5
4621,0.1,0.8,0.1,0.0
4625,0.4,0.1,0.0,0.5
4626,0.2,0.3,0.4,0.1
4629,0.6,0.2,0.0,0.2
4630,0.2,0.1,0.3,0.4
4631,0.3,0.1,0.3,0.3
4635,0.6,0.2,0.0,0.2
4636,0.5,0.3,0.0,0.2
4639,0.7,0.2,0.0,0.1
4640,0.7,0.0,0.0,0.3
4641,0.3,0.5,0.0,0.2
4648,0.5,0.1,0.1,0.3
4653,0.8,0.0,0.1,0.1
4654,0.4,0.2,0.3,0.1
4656,0.3,0.5,0.1,0.1
4657,0.7,0.0,0.1,0.2
4662,0.6,0.2,0.0,0.2
4666,0.6,0.3,0.1,0.0
4668,0.4,0.2,0.1,0.3
4670,0.7,0.0,0.2,0.1
4673,0.5,0.4,0.0,0.1
4675,0.6,0.1,0.0,0.3
4679,0.7,0.1,0.1,0.1
4681,0.1,0.2,0.0,0.7
4682,0.9,0.0,0.1,0.0
4685,0.6,0.1,0.0,0.3
4688,0.4,0.2,0.1,0.3
4689,0.3,0.0,0.6,0.1
4690,0.8,0.0,0.0,0.2
4697,0.3,0.1,0.6,0.0
4700,0.3,0.2,0.1,0.4
4703,0.3,0.5,0.1,0.1
4704,0.5,0.2,0.1,0.2
4705,0.4,0.3,0.2,0.1
4706,0.5,0.1,0.0,0.4
4707,0.7,0.3,0.0,0.0
4710,0.6,0.3,0.0,0.1
4714,0.4,0.3,0.1,0.2
4717,0.6,0.3,0.0,0.1
4719,0.2,0.3,0.2,0.3
4724,0.4,0.2,0.2,0.2
4728,0.2,0.4,0.1,0.3
4732,0.8,0.0,0.0,0.2
4735,0.4,0.1,0.2,0.3
4736,0.1,0.0,0.1,0.8
4739,0.7,0.1,0.1,0.1
4740,0.7,0.2,0.0,0.1
4745,0.6,0.3,0.1,0.0
4746,0.4,0.2,0.1,0.3
4759,0.8,0.1,0.0,0.1
4761,0.9,0.0,0.1,0.0
4762,0.2,0.2,0.1,0.5
4765,0.5,0.2,0.0,0.3
4767,0.4,0.3,0.2,0.1
4772,0.4,0.2,0.0,0.4
4773,0.3,0.3,0.0,0.4
4777,0.6,0.1,0.0,0.3
4779,0.7,0.1,0.0,0.2
4780,0.3,0.6,0.0,0.1
4781,0.1,0.7,0.0,0.2
4782,0.6,0.4,0.0,0.0
4787,0.3,0.1,0.0,0.6
4790,0.6,0.3,0.0,0.1
4792,0.8,0.0,0.0,0.2
4793,0.8,0.1,0.1,0.0
4797,0.3,0.1,0.6,0.0
4799,0.3,0.3,0.0,0.4
4801,0.2,0.4,0.0,0.4
4803,0.5,0.2,0.1,0.2
4805,0.3,0.3,0.1,0.3
4808,0.1,0.3,0.1,0.5
4810,0.2,0.1,0.1,0.6
4813,0.4,0.3,0.1,0.2
4815,0.5,0.4,0.1,0.0
4831,0.2,0.3,0.0,0.5
4836,0.4,0.3,0.1,0.2
4837,0.7,0.2,0.0,0.1
4845,0.6,0.0,0.1,0.3
4848,0.7,0.1,0.0,0.2
4852,0.1,0.4,0.1,0.4
4860,0.4,0.0,0.3,0.3
4864,0.1,0.3,0.0,0.6
4865,0.2,0.3,0.5,0.0
4870,0.2,0.0,0.6,0.2
4877,0.2,0.7,0.1,0.0
4882,0.3,0.2,0.2,0.3
4884,0.3,0.1,0.0,0.6
4885,0.5,0.2,0.2,0.1
4890,0.6,0.2,0.0,0.2
4891,0.5,0.1,0.3,0.1
4892,0.4,0.2,0.0,0.4
4900,0.7,0.1,0.2,0.0
4901,0.8,0.1,0.0,0.1
4910,0.7,0.0,0.1,0.2
4917,0.7,0.1,0.0,0.2
4919,0.6,0.1,0.2,0.1
4923,0.7,0.1,0.1,0.1
4925,0.2,0.6,0.1,0.1
4930,0.6,0.2,0.0,0.2
4936,0.2,0.1,0.2,0.5
4944,0.5,0.2,0.1,0.2
4947,0.3,0.3,0.2,0.2
4952,0.7,0.1,0.1,0.1
4954,0.5,0.0,0.2,0.3
4961,0.4,0.3,0.0,0.3
4963,0.7,0.1,0.0,0.2
4965,0.7,0.3,0.0,0.0
4970,0.6,0.3,0.1,0.0
4971,0.6,0.3,0.1,0.0
4972,0.2,0.3,0.2,0.3
4975,0.8,0.2,0.0,0.0
4977,0.3,0.1,0.0,0.6
4978,0.3,0.3,0.3,0.1
4981,0.5,0.1,0.1,0.3
4987,0.3,0.5,0.2,0.0
4989,0.3,0.1,0.3,0.3
4996,0.8,0.0,0.1,0.1
5004,0.5,0.2,0.0,0.3
5005,0.9,0.0,0.1,0.0
5006,0.2,0.8,0.0,0.0
5007,0.3,0.3,0.2,0.2
5008,0.4,0.5,0.0,0.1
5009,0.5,0.3,0.0,0.2
5012,0.3,0.3,0.1,0.3
5016,0.6,0.0,0.2,0.2
5020,0.5,0.2,0.1,0.2
5022,0.8,0.0,0.0,0.2
5026,0.8,0.1,0.1,0.0
5027,0.2,0.0,0.0,0.8
5029,0.5,0.2,0.2,0.1
5031,0.1,0.0,0.8,0.1
5032,0.5,0.2,0.0,0.3
5034,0.3,0.1,0.5,0.1
5042,0.6,0.1,0.0,0.3
5043,0.7,0.1,0.1,0.1
5044,0.1,0.7,0.0,0.2
5050,0.0,0.9,0.0,0.1
5052,0.3,0.1,0.0,0.6
5059,0.7,0.1,0.1,0.1
5065,0.6,0.2,0.1,0.1
5067,0.3,0.3,0.0,0.4
5069,0.1,0.3,0.0,0.6
5071,0.6,0.3,0.0,0.1
5073,0.4,0.3,0.2,0.1
5075,0.5,0.3,0.0,0.2
5080,0.6,0.1,0.1,0.2
5081,0.4,0.3,0.2,0.1
5085,0.7,0.0,0.1,0.2
5086,0.2,0.5,0.0,0.3
5096,0.6,0.3,0.1,0.0
5099,0.7,0.1,0.0,0.2
5100,0.1,0.7,0.2,0.0
5106,0.5,0.3,0.1,0.1
5108,0.4,0.3,0.1,0.2
5111,0.3,0.3,0.0,0.4
5115,0.0,0.0,0.3,0.7
5119,0.6,0.2,0.1,0.1
5122,0.4,0.4,0.0,0.2
5126,0.8,0.1,0.0,0.1
5128,0.1,0.3,0.1,0.5
5139,0.5,0.1,0.0,0.4
5140,0.5,0.3,0.0,0.2
5142,0.2,0.1,0.0,0.7
5145,0.5,0.0,0.2,0.3
5146,0.5,0.1,0.4,0.0
5156,0.4,0.0,0.6,0.0
5159,0.2,0.5,0.2,0.1
5160,0.7,0.1,0.1,0.1
5165,0.6,0.1,0.0,0.3
5167,0.6,0.2,0.0,0.2
5169,0.7,0.2,0.1,0.0
5170,0.7,0.1,0.1,0.1
5172,0.6,0.2,0.1,0.1
5176,0.4,0.2,0.2,0.2
5178,0.7,0.0,0.0,0.3
5180,0.6,0.1,0.0,0.3
5182,0.5,0.1,0.2,0.2
5187,0.4,0.3,0.1,0.2
5189,0.8,0.0,0.2,0.0
5190,0.8,0.0,0.1,0.1
5191,0.3,0.4,0.0,0.3
5193,0.8,0.0,0.2,0.0
5194,0.6,0.3,0.0,0.1
5195,0.3,0.6,0.0,0.1
5197,0.2,0.2,0.3,0.3
5198,0.3,0.5,0.1,0.1
5200,0.4,0.1,0.1,0.4
5204,0.5,0.1,0.0,0.4
5207,0.5,0.1,0.0,0.4
5209,0.3,0.4,0.3,0.0
5218,0.6,0.1,0.1,0.2
5222,0.2,0.5,0.3,0.0
5223,0.8,0.1,0.1,0.0
5225,0.5,0.1,0.0,0.4
5226,0.3,0.5,0.1,0.1
5227,0.3,0.0,0.0,0.7
5230,0.7,0.1,0.1,0.1
5233,0.1,0.3,0.0,0.6
5236,0.5,0.1,0.2,0.2
5237,0.9,0.1,0.0,0.0
5244,0.6,0.1,0.2,0.1
5246,0.1,0.5,0.3,0.1
5249,0.6,0.1,0.2,0.1
5251,0.2,0.1,0.1,0.6
5253,0.5,0.3,0.1,0.1
5257,0.7,0.0,0.0,0.3
5263,0.8,0.1,0.0,0.1
5264,0.3,0.3,0.0,0.4
5265,0.5,0.3,0.0,0.2
5273,0.7,0.0,0.0,0.3
5281,0.6,0.0,0.4,0.0
5282,0.3,0.1,0.1,0.5
5288,0.5,0.3,0.0,0.2
5291,0.3,0.3,0.0,0.4
5294,0.2,0.7,0.0,0.1
5297,0.3,0.2,0.5,0.0
5298,0.6,0.0,0.1,0.3
5299,0.6,0.0,0.2,0.2
5301,0.4,0.5,0.0,0.1
5304,0.6,0.1,0.2,0.1
5306,0.3,0.1,0.3,0.3
5309,0.9,0.0,0.1,0.0
5315,0.4,0.2,0.0,0.4
5316,0.7,0.0,0.1,0.2
5317,0.4,0.2,0.0,0.4
5318,0.4,0.3,0.3,0.0
5319,0.2,0.2,0.4,0.2
5322,0.3,0.3,0.1,0.3
5325,0.5,0.4,0.1,0.0
5326,0.3,0.7,0.0,0.0
5328,0.8,0.0,0.1,0.1
5329,0.3,0.1,0.2,0.4
5331,0.7,0.1,0.0,0.2
5344,0.7,0.0,0.1,0.2
5348,0.5,0.2,0.0,0.3
5349,0.6,0.0,0.1,0.3
5352,0.3,0.1,0.1,0.5
5359,0.6,0.1,0.0,0.3
5362,0.2,0.4,0.0,0.4
5368,0.3,0.4,0.1,0.2
5370,0.3,0.3,0.1,0.3
5371,0.6,0.0,0.2,0.2
5381,0.5,0.1,0.0,0.4
5386,0.5,0.3,0.1,0.1
5388,0.7,0.2,0.0,0.1
5391,0.0,0.4,0.5,0.1
5395,0.6,0.1,0.0,0.3
5397,0.2,0.2,0.0,0.6
5398,0.6,0.2,0.0,0.2
5401,0.4,0.2,0.3,0.1
5404,0.3,0.1,0.1,0.5
5406,0.9,0.0,0.0,0.1
5409,0.7,0.0,0.1,0.2
5410,0.5,0.2,0.0,0.3
5414,0.4,0.2,0.1,0.3
5415,0.2,0.0,0.7,0.1
5418,0.4,0.3,0.0,0.3
5421,0.3,0.2,0.0,0.5
5423,0.1,0.2,0.3,0.4
5429,0.5,0.2,0.0,0.3
5434,0.6,0.0,0.1,0.3
5436,0.2,0.3,0.2,0.3
5438,0.4,0.3,0.1,0.2
5439,0.2,0.0,0.4,0.4
5440,0.7,0.1,0.1,0.1
5441,0.3,0.6,0.1,0.0
5442,0.6,0.2,0.0,0.2
5448,0.4,0.1,0.0,0.5
5454,0.5,0.4,0.0,0.1
5455,0.2,0.3,0.2,0.3
5461,0.7,0.1,0.1,0.1
5462,0.2,0.2,0.4,0.2
5469,0.0,0.1,0.1,0.8
5471,0.9,0.0,0.0,0.1
5473,0.1,0.4,0.1,0.4
5474,0.6,0.2,0.0,0.2
5475,0.5,0.2,0.0,0.3
5476,0.8,0.1,0.0,0.1
5484,0.2,0.1,0.6,0.1
5488,0.7,0.1,0.1,0.1
5490,0.1,0.2,0.0,0.7
5491,0.8,0.0,0.1,0.1
5492,0.6,0.3,0.0,0.1
5493,0.4,0.6,0.0,0.0
5494,0.3,0.3,0.2,0.2
5495,0.6,0.1,0.1,0.2
5496,0.6,0.3,0.0,0.1
5506,0.0,0.3,0.5,0.2
5508,0.6,0.2,0.0,0.2
5514,0.7,0.0,0.2,0.1
5518,0.2,0.3,0.1,0.4
5523,0.4,0.1,0.4,0.1
5525,0.5,0.1,0.2,0.2
5526,0.1,0.3,0.5,0.1
5529,0.8,0.0,0.1,0.1
5533,0.8,0.0,0.0,0.2
5536,0.2,0.3,0.1,0.4
5540,0.3,0.2,0.2,0.3
5547,0.7,0.1,0.0,0.2
5552,0.5,0.2,0.0,0.3
5559,0.4,0.3,0.0,0.3
5563,0.0,0.0,0.0,1.0
5568,0.5,0.3,0.0,0.2
5572,0.8,0.1,0.0,0.1
5573,0.2,0.1,0.2,0.5
5574,0.1,0.3,0.2,0.4
5583,0.5,0.2,0.0,0.3
5585,0.9,0.0,0.0,0.1
5588,0.5,0.1,0.4,0.0
5589,0.3,0.1,0.5,0.1
5597,0.2,0.4,0.3,0.1
5603,0.2,0.1,0.3,0.4
5605,0.3,0.3,0.1,0.3
5606,1.0,0.0,0.0,0.0
5611,0.5,0.3,0.0,0.2
5613,0.4,0.2,0.1,0.3
5616,0.7,0.1,0.1,0.1
5623,0.9,0.0,0.0,0.1
5626,0.2,0.1,0.2,0.5
5629,0.3,0.3,0.0,0.4
5631,0.3,0.3,0.3,0.1
5634,0.6,0.1,0.1,0.2
5641,0.8,0.2,0.0,0.0
5647,0.5,0.3,0.0,0.2
5649,0.2,0.3,0.2,0.3
5652,0.2,0.2,0.2,0.4
5653,0.4,0.4,0.0,0.2
5661,0.6,0.1,0.1,0.2
5664,0.7,0.0,0.0,0.3
5666,0.4,0.5,0.1,0.0
5669,0.4,0.1,0.3,0.2
5673,0.2,0.3,0.0,0.5
5686,0.3,0.4,0.1,0.2
5687,0.8,0.2,0.0,0.0
5700,0.7,0.1,0.1,0.1
5706,0.3,0.6,0.1,0.0
5708,0.6,0.1,0.0,0.3
5709,0.9,0.1,0.0,0.0
5711,0.3,0.1,0.0,0.6
5712,0.4,0.2,0.1,0.3
5715,0.3,0.0,0.0,0.7
5716,0.3,0.2,0.3,0.2
5717,0.4,0.6,0.0,0.0
5721,0.3,0.3,0.2,0.2
5725,0.6,0.2,0.0,0.2
5728,0.5,0.2,0.1,0.2
5731,0.7,0.2,0.1,0.0
5732,0.4,0.1,0.2,0.3
5734,0.3,0.5,0.0,0.2
5740,0.5,0.2,0.1,0.2
5743,0.4,0.2,0.2,0.2
5744,0.7,0.1,0.0,0.2
5745,0.3,0.2,0.1,0.4
5746,0.5,0.1,0.3,0.1
5747,0.3,0.1,0.5,0.1
5751,0.7,0.2,0.1,0.0
5752,0.3,0.3,0.3,0.1
5758,0.4,0.3,0.1,0.2
5759,0.5,0.2,0.1,0.2
5762,0.2,0.3,0.0,0.5
5765,0.4,0.2,0.1,0.3
5766,0.2,0.7,0.0,0.1
5771,0.5,0.2,0.1,0.2
5774,0.4,0.1,0.0,0.5
5785,0.3,0.3,0.1,0.3
5786,0.6,0.0,0.0,0.4
5789,0.6,0.2,0.0,0.2
5790,0.3,0.2,0.0,0.5
5794,0.6,0.3,0.0,0.1
5796,0.6,0.2,0.1,0.1
5799,0.7,0.2,0.0,0.1
5801,0.3,0.4,0.1,0.2
5803,0.1,0.4,0.1,0.4
5805,0.2,0.5,0.1,0.2
5807,0.4,0.5,0.1,0.0
5810,0.4,0.1,0.3,0.2
5813,0.8,0.2,0.0,0.0
5814,0.2,0.6,0.1,0.1
5817,0.6,0.0,0.2,0.2
5818,0.9,0.1,0.0,0.0
5819,0.2,0.3,0.2,0.3
5821,0.4,0.3,0.1,0.2
5824,0.6,0.1,0.1,0.2
5825,0.8,0.0,0.0,0.2
5826,0.5,0.5,0.0,0.0
5829,0.4,0.3,0.3,0.0
5832,0.4,0.1,0.2,0.3
5834,0.5,0.3,0.2,0.0
5839,0.4,0.4,0.0,0.2
5841,0.7,0.2,0.0,0.1
5844,0.3,0.1,0.1,0.5
5846,0.3,0.3,0.1,0.3
5847,0.5,0.4,0.0,0.1
5851,0.6,0.1,0.0,0.3
5852,0.5,0.3,0.0,0.2
5853,0.4,0.1,0.3,0.2
5855,0.7,0.1,0.2,0.0
5859,0.6,0.4,0.0,0.0
5860,0.5,0.1,0.1,0.3
5862,0.2,0.8,0.0,0.0
5878,0.1,0.3,0.2,0.4
5881,0.5,0.4,0.0,0.1
5883,0.3,0.5,0.0,0.2
5888,0.5,0.1,0.1,0.3
5889,0.7,0.0,0.1,0.2
5893,0.3,0.1,0.1,0.5
5898,0.4,0.1,0.2,0.3
5902,0.7,0.0,0.0,0.3
5905,0.5,0.2,0.0,0.3
5906,0.4,0.4,0.0,0.2
5907,0.2,0.1,0.1,0.6
5908,0.1,0.1,0.1,0.7
5909,0.4,0.5,0.0,0.1
5910,0.6,0.3,0.0,0.1
5913,0.6,0.3,0.1,0.0
5914,0.4,0.3,0.0,0.3
5915,0.6,0.4,0.0,0.0
5917,0.8,0.0,0.1,0.1
5920,0.6,0.1,0.1,0.2
5921,0.6,0.2,0.0,0.2
5927,0.3,0.5,0.1,0.1
5929,0.6,0.1,0.1,0.2
5930,0.5,0.3,0.0,0.2
5933,0.3,0.2,0.4,0.1
5939,0.4,0.0,0.3,0.3
5941,0.3,0.1,0.0,0.6
5942,0.4,0.3,0.1,0.2
5943,0.4,0.3,0.1,0.2
5944,0.4,0.1,0.2,0.3
5953,0.4,0.2,0.2,0.2
5961,0.6,0.2,0.0,0.2
5962,0.4,0.1,0.1,0.4
5963,0.6,0.2,0.2,0.0
5966,0.5,0.3,0.1,0.1
5969,0.9,0.1,0.0,0.0
5970,0.4,0.2,0.2,0.2
5974,0.1,0.4,0.1,0.4
5975,0.3,0.2,0.0,0.5
5976,0.8,0.1,0.0,0.1
5979,0.1,0.8,0.0,0.1
5984,0.8,0.0,0.0,0.2
5987,0.1,0.4,0.2,0.3
5988,0.7,0.1,0.1,0.1
5991,0.4,0.2,0.3,0.1
5992,0.2,0.2,0.2,0.4
5993,0.9,0.0,0.1,0.0
5994,0.6,0.0,0.0,0.4
6005,0.8,0.0,0.1,0.1
6006,0.5,0.0,0.3,0.2
6008,0.2,0.2,0.3,0.3
6010,0.2,0.3,0.5,0.0
6014,0.7,0.0,0.0,0.3
6015,0.2,0.5,0.1,0.2
6020,0.8,0.0,0.1,0.1
6031,0.4,0.3,0.2,0.1
6034,0.1,0.4,0.0,0.5
6039,0.5,0.2,0.1,0.2
6042,1.0,0.0,0.0,0.0
6048,0.3,0.2,0.1,0.4
6053,0.4,0.0,0.1,0.5
6064,0.5,0.1,0.0,0.4
6066,0.2,0.1,0.5,0.2
6067,0.3,0.2,0.2,0.3
6071,0.5,0.4,0.0,0.1
6076,0.1,0.2,0.2,0.5
6077,0.7,0.0,0.2,0.1
6083,0.2,0.4,0.2,0.2
6087,0.4,0.0,0.0,0.6
6090,0.5,0.2,0.2,0.1
6091,0.2,0.4,0.1,0.3
6092,0.1,0.5,0.1,0.3
6093,0.3,0.1,0.1,0.5
6099,0.4,0.3,0.3,0.0
6102,0.1,0.5,0.1,0.3
6106,0.6,0.1,0.0,0.3
6110,0.6,0.1,0.0,0.3
6116,0.4,0.2,0.0,0.4
6119,0.2,0.1,0.6,0.1
6121,0.3,0.2,0.0,0.5
6122,0.7,0.3,0.0,0.0
6132,0.8,0.1,0.0,0.1
6137,0.5,0.2,0.0,0.3
6138,0.3,0.5,0.1,0.1
6155,0.4,0.2,0.2,0.2
6156,0.2,0.5,0.3,0.0
6159,0.5,0.2,0.0,0.3
6163,0.9,0.0,0.0,0.1
6164,0.3,0.2,0.1,0.4
6168,0.2,0.1,0.4,0.3
6172,0.5,0.4,0.1,0.0
6177,0.6,0.2,0.0,0.2
6178,0.3,0.1,0.1,0.5
6179,0.3,0.5,0.1,0.1
6184,0.5,0.2,0.0,0.3
6191,0.3,0.0,0.0,0.7
6192,0.2,0.3,0.2,0.3
6194,0.9,0.1,0.0,0.0
6195,0.1,0.3,0.3,0.3
6198,0.5,0.3,0.0,0.2
6199,0.5,0.1,0.1,0.3
6200,0.6,0.0,0.1,0.3
6201,0.5,0.2,0.1,0.2
6202,0.5,0.4,0.0,0.1
6204,0.7,0.0,0.0,0.3
6205,0.6,0.0,0.0,0.4
6206,0.4,0.2,0.0,0.4
6210,0.4,0.3,0.0,0.3
6212,0.5,0.2,0.2,0.1
6213,0.2,0.4,0.2,0.2
6216,0.4,0.1,0.0,0.5
6227,0.7,0.1,0.1,0.1
6230,0.6,0.3,0.0,0.1
6235,0.9,0.1,0.0,0.0
6237,0.7,0.0,0.1,0.2
6244,0.3,0.1,0.3,0.3
6252,0.4,0.5,0.0,0.1
6253,0.7,0.1,0.1,0.1
6257,0.7,0.1,0.2,0.0
6259,0.3,0.3,0.1,0.3
6260,0.6,0.0,0.2,0.2
6264,0.9,0.1,0.0,0.0
6265,0.0,0.8,0.0,0.2
6268,0.2,0.5,0.2,0.1
6269,0.2,0.2,0.4,0.2
6273,0.0,0.7,0.1,0.2
6289,0.6,0.0,0.2,0.2
6292,0.5,0.4,0.0,0.1
6301,0.4,0.2,0.1,0.3
6303,0.4,0.3,0.0,0.3
6304,0.4,0.2,0.0,0.4
6307,0.5,0.2,0.1,0.2
6308,0.0,0.1,0.9,0.0
6317,0.7,0.1,0.0,0.2
6319,0.5,0.2,0.1,0.2
6330,0.4,0.3,0.0,0.3
6335,0.7,0.3,0.0,0.0
6344,0.9,0.1,0.0,0.0
6346,0.6,0.0,0.1,0.3
6355,0.7,0.1,0.1,0.1
6361,0.8,0.0,0.0,0.2
6364,0.2,0.5,0.0,0.3
6368,0.5,0.2,0.1,0.2
6369,0.3,0.5,0.0,0.2
6377,0.8,0.2,0.0,0.0
6379,0.7,0.1,0.0,0.2
6380,0.3,0.4,0.0,0.3
6382,0.8,0.1,0.0,0.1
6384,0.4,0.1,0.3,0.2
6386,0.0,0.4,0.2,0.4
6391,0.7,0.1,0.2,0.0
6392,0.6,0.2,0.2,0.0
6397,0.3,0.4,0.2,0.1
6399,0.2,0.5,0.0,0.3
6403,0.4,0.4,0.1,0.1
6404,0.8,0.1,0.0,0.1
6407,0.9,0.1,0.0,0.0
6411,0.6,0.1,0.0,0.3
6414,0.2,0.2,0.3,0.3
6415,0.4,0.1,0.0,0.5
6418,0.4,0.1,0.0,0.5
6419,0.3,0.4,0.1,0.2
6420,0.4,0.3,0.1,0.2
6422,0.5,0.2,0.0,0.3
6425,0.1,0.4,0.0,0.5
6429,0.6,0.1,0.1,0.2
6430,0.8,0.1,0.0,0.1
6431,0.3,0.3,0.0,0.4
6432,0.3,0.2,0.0,0.5
6443,0.7,0.1,0.0,0.2
6444,0.4,0.3,0.2,0.1
6445,0.5,0.2,0.0,0.3
6446,0.6,0.0,0.1,0.3
6449,0.2,0.2,0.4,0.2
6452,0.3,0.1,0.1,0.5
6453,0.4,0.3,0.0,0.3
6457,0.2,0.0,0.1,0.7
6460,0.6,0.2,0.1,0.1
6462,0.4,0.0,0.0,0.6
6464,0.9,0.0,0.0,0.1
6468,0.9,0.1,0.0,0.0
6469,0.1,0.4,0.1,0.4
6476,0.7,0.2,0.0,0.1
6479,0.5,0.3,0.0,0.2
6480,0.0,0.5,0.4,0.1
6482,0.5,0.1,0.1,0.3
6489,0.7,0.0,0.2,0.1
6492,0.5,0.1,0.2,0.2
6494,0.3,0.2,0.2,0.3
6498,0.6,0.1,0.1,0.2
6499,0.6,0.1,0.3,0.0
6501,0.5,0.1,0.2,0.2
6502,0.8,0.1,0.0,0.1
6505,0.5,0.3,0.0,0.2
6509,0.4,0.3,0.2,0.1
6511,0.4,0.5,0.1,0.0
6512,0.8,0.0,0.0,0.2
6517,0.6,0.0,0.0,0.4
6519,0.4,0.1,0.0,0.5
6523,0.5,0.0,0.1,0.4
6533,0.6,0.0,0.1,0.3
6536,0.1,0.3,0.0,0.6
6537,0.5,0.3,0.1,0.1
6545,0.6,0.1,0.0,0.3
6547,0.7,0.2,0.1,0.0
6549,0.2,0.5,0.0,0.3
6553,0.5,0.0,0.1,0.4
6555,0.3,0.2,0.0,0.5
6557,0.2,0.2,0.4,0.2
6559,0.6,0.1,0.2,0.1
6561,0.8,0.0,0.2,0.0
6568,0.0,0.7,0.1,0.2
6569,0.6,0.2,0.1,0.1
6571,0.2,0.6,0.0,0.2
6572,0.6,0.2,0.2,0.0
6575,0.8,0.2,0.0,0.0
6585,0.6,0.1,0.1,0.2
6587,0.4,0.1,0.2,0.3
6589,0.2,0.1,0.4,0.3
6597,0.2,0.5,0.3,0.0
6600,0.5,0.2,0.0,0.3
6607,0.6,0.2,0.0,0.2
6609,0.7,0.0,0.1,0.2
6616,0.6,0.1,0.1,0.2
6618,0.4,0.1,0.1,0.4
6620,0.7,0.3,0.0,0.0
6621,0.5,0.2,0.1,0.2
6623,0.7,0.2,0.0,0.1
6625,0.2,0.3,0.4,0.1
6626,0.1,0.1,0.3,0.5
6631,0.6,0.0,0.0,0.4
6639,0.4,0.1,0.1,0.4
6644,0.2,0.3,0.3,0.2
6646,0.3,0.4,0.0,0.3
6648,0.6,0.1,0.1,0.2
6649,0.4,0.1,0.2,0.3
6658,0.5,0.1,0.2,0.2
6660,0.0,0.3,0.1,0.6
6661,0.5,0.1,0.1,0.3
6666,0.5,0.0,0.2,0.3
6668,0.6,0.3,0.0,0.1
6672,0.8,0.2,0.0,0.0
6679,0.3,0.1,0.3,0.3
6682,0.5,0.2,0.1,0.2
6684,0.5,0.2,0.1,0.2
6687,0.5,0.2,0.1,0.2
6688,0.6,0.0,0.0,0.4
6694,0.6,0.1,0.0,0.3
6695,0.3,0.2,0.0,0.5
6700,0.8,0.1,0.0,0.1
6701,0.7,0.2,0.0,0.1
6702,0.5,0.2,0.1,0.2
6704,0.4,0.0,0.5,0.1
6708,0.7,0.2,0.0,0.1
6719,0.4,0.1,0.1,0.4
6724,0.2,0.2,0.0,0.6
6728,0.2,0.4,0.2,0.2
6733,0.5,0.3,0.0,0.2
6734,0.4,0.6,0.0,0.0
6748,0.1,0.6,0.0,0.3
6749,0.2,0.3,0.3,0.2
6750,0.8,0.1,0.0,0.1
6751,0.6,0.1,0.1,0.2
6757,0.3,0.7,0.0,0.0
6758,0.3,0.2,0.2,0.3
6770,0.9,0.0,0.0,0.1
6774,0.8,0.1,0.0,0.1
6777,0.4,0.2,0.0,0.4
6779,0.2,0.5,0.2,0.1
6784,0.7,0.3,0.0,0.0
6785,0.5,0.1,0.1,0.3
6787,0.5,0.1,0.0,0.4
6790,0.6,0.0,0.2,0.2
6793,0.6,0.3,0.0,0.1
6798,0.4,0.2,0.1,0.3
6801,0.3,0.1,0.4,0.2
6802,0.3,0.5,0.1,0.1
6808,0.1,0.6,0.1,0.2
6809,0.4,0.0,0.4,0.2
6812,0.3,0.3,0.0,0.4
6814,0.2,0.2,0.4,0.2
6820,0.4,0.4,0.0,0.2
6826,0.6,0.2,0.1,0.1
6829,0.4,0.2,0.3,0.1
6830,0.5,0.3,0.0,0.2
6835,0.3,0.1,0.2,0.4
6842,0.6,0.2,0.0,0.2
6845,0.8,0.1,0.0,0.1
6847,0.7,0.1,0.1,0.1
6849,0.1,0.7,0.0,0.2
6850,0.9,0.1,0.0,0.0
6851,0.5,0.1,0.0,0.4
6854,0.8,0.2,0.0,0.0
6859,0.3,0.1,0.3,0.3
6861,0.6,0.2,0.0,0.2
6862,0.3,0.7,0.0,0.0
6863,0.8,0.0,0.0,0.2
6864,0.4,0.1,0.2,0.3
6868,0.6,0.2,0.0,0.2
6871,0.6,0.1,0.1,0.2
6872,0.5,0.2,0.0,0.3
6876,0.2,0.4,0.2,0.2
6879,0.4,0.1,0.1,0.4
6884,0.7,0.1,0.0,0.2
6887,0.5,0.5,0.0,0.0
6889,0.4,0.4,0.1,0.1
6894,0.6,0.2,0.1,0.1
6895,0.4,0.6,0.0,0.0
6898,0.7,0.0,0.1,0.2
6899,0.4,0.1,0.0,0.5
6900,0.2,0.6,0.1,0.1
6903,0.6,0.3,0.1,0.0
6905,0.2,0.2,0.0,0.6
6909,0.2,0.2,0.0,0.6
6910,0.3,0.2,0.3,0.2
6912,0.3,0.1,0.5,0.1
6914,0.2,0.3,0.0,0.5
6916,0.7,0.1,0.0,0.2
6918,1.0,0.0,0.0,0.0
6921,0.4,0.3,0.2,0.1
6922,0.9,0.1,0.0,0.0
6928,0.3,0.4,0.1,0.2
6932,0.4,0.6,0.0,0.0
6935,0.3,0.1,0.1,0.5
6939,0.4,0.1,0.0,0.5
6940,0.5,0.1,0.1,0.3
6941,0.5,0.1,0.0,0.4
6951,0.5,0.1,0.3,0.1
6953,0.4,0.0,0.2,0.4
6954,0.5,0.2,0.0,0.3
6955,0.2,0.6,0.1,0.1
6956,0.5,0.2,0.1,0.2
6958,0.8,0.0,0.0,0.2
6959,0.3,0.3,0.1,0.3
6961,0.3,0.3,0.0,0.4
6964,0.6,0.0,0.1,0.3
6965,0.1,0.5,0.0,0.4
6967,0.4,0.2,0.2,0.2
6968,0.7,0.1,0.1,0.1
6969,1.0,0.0,0.0,0.0
6975,0.5,0.0,0.0,0.5
6979,0.4,0.1,0.1,0.4
6981,0.1,0.5,0.1,0.3
6983,0.3,0.0,0.4,0.3
6994,0.5,0.4,0.0,0.1
6996,0.3,0.3,0.0,0.4
7000,0.4,0.4,0.1,0.1
7005,0.5,0.1,0.2,0.2
7009,0.6,0.0,0.1,0.3
7013,0.5,0.2,0.1,0.2
7014,0.5,0.2,0.3,0.0
7015,0.7,0.1,0.0,0.2
7017,0.5,0.1,0.0,0.4
7019,1.0,0.0,0.0,0.0
7022,1.0,0.0,0.0,0.0
7023,0.5,0.2,0.2,0.1
7026,0.6,0.1,0.3,0.0
7028,0.5,0.1,0.1,0.3
7030,0.4,0.5,0.0,0.1
7031,0.3,0.4,0.0,0.3
7035,0.1,0.2,0.4,0.3
7040,0.2,0.3,0.1,0.4
7042,0.4,0.3,0.0,0.3
7043,0.5,0.1,0.1,0.3
7046,0.8,0.0,0.0,0.2
7047,0.9,0.0,0.0,0.1
7051,0.2,0.3,0.2,0.3
7052,0.6,0.1,0.1,0.2
7062,0.8,0.2,0.0,0.0
7063,0.6,0.3,0.0,0.1
7065,0.5,0.3,0.0,0.2
7072,0.3,0.3,0.1,0.3
7075,0.5,0.0,0.2,0.3
7076,0.4,0.1,0.0,0.5
7077,0.6,0.0,0.0,0.4
7080,0.7,0.1,0.0,0.2
7082,0.1,0.4,0.2,0.3
7083,0.7,0.1,0.1,0.1
7087,0.5,0.2,0.2,0.1
7089,0.1,0.5,0.2,0.2
7093,0.7,0.0,0.2,0.1
7104,0.4,0.4,0.0,0.2
7105,0.1,0.6,0.0,0.3
7106,0.5,0.2,0.0,0.3
7107,0.4,0.3,0.1,0.2
7108,0.6,0.1,0.0,0.3
7110,0.5,0.1,0.2,0.2
7113,0.4,0.4,0.0,0.2
7115,0.3,0.4,0.1,0.2
7117,0.5,0.3,0.0,0.2
7124,0.7,0.2,0.0,0.1
7126,0.4,0.4,0.1,0.1
7128,0.4,0.1,0.4,0.1
7129,0.1,0.2,0.4,0.3
7131,0.3,0.5,0.0,0.2
7134,0.6,0.1,0.2,0.1
7135,0.7,0.2,0.1,0.0
7139,0.7,0.2,0.0,0.1
7140,0.3,0.3,0.3,0.1
7145,0.3,0.0,0.2,0.5
7146,0.5,0.4,0.0,0.1
7149,0.6,0.2,0.1,0.1
7150,0.5,0.3,0.1,0.1
7151,0.0,0.5,0.1,0.4
7156,0.6,0.0,0.1,0.3
7158,0.5,0.4,0.0,0.1
7167,0.3,0.2,0.1,0.4
7168,0.4,0.2,0.1,0.3
7182,0.3,0.3,0.2,0.2
7184,0.2,0.4,0.1,0.3
7187,0.4,0.3,0.1,0.2
7188,0.4,0.0,0.1,0.5
7191,0.4,0.4,0.0,0.2
7194,0.6,0.0,0.0,0.4
7195,0.2,0.4,0.1,0.3
7199,0.3,0.1,0.1,0.5
7205,0.5,0.2,0.0,0.3
7211,0.6,0.4,0.0,0.0
7213,0.8,0.0,0.1,0.1
7214,0.7,0.0,0.1,0.2
7216,0.1,0.2,0.0,0.7
7217,0.5,0.1,0.0,0.4
7227,0.2,0.7,0.0,0.1
7230,0.7,0.1,0.2,0.0
7233,0.6,0.0,0.0,0.4
7241,0.5,0.2,0.0,0.3
7242,0.9,0.0,0.0,0.1
7244,0.4,0.0,0.4,0.2
7247,0.6,0.4,0.0,0.0
7251,0.7,0.1,0.1,0.1
7254,0.1,0.4,0.1,0.4
7256,0.0,0.1,0.9,0.0
7258,0.6,0.3,0.0,0.1
7260,0.4,0.4,0.0,0.2
7262,0.3,0.5,0.0,0.2
7266,0.7,0.3,0.0,0.0
7277,0.5,0.3,0.2,0.0
7279,0.2,0.3,0.2,0.3
7280,0.7,0.2,0.1,0.0
7281,0.6,0.0,0.2,0.2
7283,0.3,0.4,0.0,0.3
7284,1.0,0.0,0.0,0.0
7291,0.3,0.2,0.0,0.5
7292,0.5,0.1,0.0,0.4
7297,0.2,0.5,0.0,0.3
7298,0.3,0.1,0.2,0.4
7299,0.3,0.2,0.4,0.1
7301,0.9,0.1,0.0,0.0
7305,0.4,0.3,0.1,0.2
7306,0.4,0.5,0.0,0.1
7308,0.4,0.0,0.1,0.5
7313,0.7,0.3,0.0,0.0
7315,0.4,0.1,0.4,0.1
7317,0.8,0.0,0.0,0.2
7322,0.5,0.2,0.2,0.1
7324,0.4,0.1,0.4,0.1
7325,0.5,0.5,0.0,0.0
7328,0.2,0.1,0.0,0.7
7330,0.4,0.4,0.1,0.1
7331,0.8,0.1,0.0,0.1
7333,0.1,0.1,0.5,0.3
7336,0.4,0.1,0.0,0.5
7339,0.6,0.3,0.0,0.1
7342,0.3,0.4,0.0,0.3
7343,0.2,0.2,0.5,0.1
7344,0.3,0.5,0.1,0.1
7346,0.3,0.3,0.4,0.0
7356,0.2,0.5,0.1,0.2
7357,0.7,0.1,0.1,0.1
7360,0.5,0.1,0.0,0.4
7361,0.3,0.2,0.0,0.5
7362,0.1,0.3,0.2,0.4
7363,0.6,0.2,0.0,0.2
7367,0.0,0.4,0.4,0.2
7371,0.7,0.2,0.1,0.0
7378,0.5,0.2,0.0,0.3
7381,0.3,0.3,0.2,0.2
7384,0.6,0.2,0.1,0.1
7385,0.4,0.2,0.3,0.1
7386,0.1,0.8,0.0,0.1
7390,0.5,0.3,0.1,0.1
7393,0.7,0.1,0.0,0.2
7403,0.1,0.1,0.1,0.7
7405,0.7,0.2,0.0,0.1
7407,0.5,0.2,0.0,0.3
7410,0.3,0.3,0.3,0.1
7418,0.3,0.5,0.0,0.2
7420,0.7,0.1,0.0,0.2
7421,0.2,0.3,0.0,0.5
7426,0.5,0.3,0.0,0.2
7428,0.6,0.2,0.0,0.2
7432,0.2,0.2,0.4,0.2
7438,0.5,0.2,0.0,0.3
7439,0.7,0.2,0.0,0.1
7441,0.5,0.2,0.1,0.2
7442,0.7,0.2,0.0,0.1
7443,0.3,0.4,0.1,0.2
7449,0.1,0.2,0.3,0.4
7455,0.4,0.4,0.2,0.0
7456,0.4,0.2,0.1,0.3
7469,0.5,0.3,0.0,0.2
7470,0.5,0.4,0.0,0.1
7472,0.7,0.1,0.0,0.2
7477,0.5,0.3,0.0,0.2
7480,0.6,0.3,0.0,0.1
7493,0.2,0.2,0.0,0.6
7496,0.1,0.2,0.7,0.0
7497,0.2,0.2,0.0,0.6
7501,0.2,0.1,0.5,0.2
7505,0.4,0.2,0.3,0.1
7509,0.5,0.1,0.1,0.3
7518,0.2,0.4,0.0,0.4
7521,0.8,0.0,0.0,0.2
7524,0.9,0.0,0.0,0.1
7525,0.4,0.2,0.4,0.0
7527,0.7,0.1,0.0,0.2
7528,0.4,0.4,0.1,0.1
7529,0.7,0.2,0.1,0.0
7538,0.1,0.4,0.4,0.1
7542,0.6,0.3,0.1,0.0
7546,0.7,0.3,0.0,0.0
7547,0.2,0.5,0.2,0.1
7548,0.2,0.1,0.2,0.5
7555,0.9,0.0,0.1,0.0
7556,0.4,0.2,0.3,0.1
7557,0.7,0.2,0.0,0.1
7558,0.1,0.3,0.1,0.5
7559,0.4,0.1,0.1,0.4
7560,0.4,0.4,0.0,0.2
7564,0.3,0.2,0.5,0.0
7565,0.4,0.2,0.3,0.1
7568,0.4,0.1,0.0,0.5
7569,0.3,0.4,0.2,0.1
7578,0.1,0.2,0.4,0.3
7580,0.4,0.5,0.1,0.0
7582,0.2,0.2,0.1,0.5
7584,0.7,0.2,0.0,0.1
7585,0.2,0.1,0.1,0.6
7591,0.4,0.3,0.1,0.2
7593,0.6,0.1,0.2,0.1
7596,0.6,0.0,0.2,0.2
7597,0.7,0.3,0.0,0.0
7604,0.5,0.5,0.0,0.0
7607,0.2,0.5,0.0,0.3
7608,0.5,0.3,0.1,0.1
7614,0.5,0.1,0.0,0.4
7615,0.3,0.1,0.1,0.5
7617,0.3,0.3,0.2,0.2
7620,0.1,0.5,0.1,0.3
7622,0.3,0.1,0.0,0.6
7626,0.4,0.4,0.0,0.2
7627,0.3,0.1,0.0,0.6
7628,0.2,0.0,0.1,0.7
7633,0.5,0.2,0.2,0.1
7646,0.4,0.3,0.0,0.3
7647,0.5,0.3,0.2,0.0
7650,0.6,0.0,0.0,0.4
7651,0.7,0.1,0.0,0.2
7652,0.2,0.5,0.0,0.3
7653,0.3,0.3,0.1,0.3
7662,0.4,0.1,0.1,0.4
7664,0.5,0.1,0.2,0.2
7665,0.4,0.3,0.1,0.2
7672,0.1,0.3,0.3,0.3
7675,0.8,0.0,0.2,0.0
7679,0.2,0.2,0.0,0.6
7681,0.7,0.3,0.0,0.0
7682,0.2,0.7,0.0,0.1
7683,0.2,0.0,0.6,0.2
7691,0.7,0.1,0.2,0.0
7698,0.5,0.1,0.1,0.3
7699,0.3,0.4,0.0,0.3
7717,0.5,0.3,0.1,0.1
7718,0.5,0.2,0.0,0.3
7721,0.7,0.2,0.0,0.1
7723,0.5,0.0,0.1,0.4
7725,0.2,0.6,0.1,0.1
7728,0.5,0.2,0.1,0.2
7732,0.9,0.0,0.0,0.1
7735,0.2,0.4,0.0,0.4
7745,0.3,0.1,0.2,0.4
7747,0.2,0.3,0.4,0.1
7748,0.1,0.4,0.1,0.4
7749,0.8,0.1,0.0,0.1
7750,0.4,0.3,0.0,0.3
7754,0.6,0.3,0.1,0.0
7755,0.5,0.4,0.0,0.1
7757,0.0,0.6,0.1,0.3
7758,0.1,0.1,0.0,0.8
7762,0.2,0.3,0.1,0.4
7764,0.7,0.1,0.1,0.1
7765,0.7,0.1,0.0,0.2
7766,0.7,0.2,0.1,0.0
7767,0.2,0.2,0.3,0.3
7770,0.4,0.1,0.2,0.3
7776,0.8,0.0,0.0,0.2
7780,0.6,0.2,0.1,0.1
7781,0.7,0.1,0.0,0.2
7782,0.1,0.3,0.4,0.2
7783,0.3,0.2,0.1,0.4
7784,1.0,0.0,0.0,0.0
7790,0.9,0.0,0.0,0.1
7797,0.6,0.2,0.2,0.0
7800,0.1,0.5,0.1,0.3
7806,0.7,0.2,0.0,0.1
7809,0.4,0.5,0.0,0.1
7811,0.2,0.1,0.1,0.6
7814,0.0,0.0,0.0,1.0
7825,0.7,0.0,0.1,0.2
7830,0.4,0.3,0.0,0.3
7831,0.7,0.2,0.0,0.1
7833,0.4,0.1,0.1,0.4
7837,0.2,0.4,0.1,0.3
7839,0.4,0.1,0.3,0.2
7844,0.2,0.4,0.2,0.2
7846,0.3,0.4,0.1,0.2
7847,0.3,0.4,0.1,0.2
7849,0.5,0.3,0.0,0.2
7851,0.6,0.0,0.0,0.4
7855,0.8,0.2,0.0,0.0
7859,0.4,0.3,0.0,0.3
7860,0.2,0.2,0.4,0.2
7864,0.7,0.1,0.0,0.2
7866,0.3,0.1,0.0,0.6
7867,0.5,0.2,0.0,0.3
7869,0.5,0.0,0.3,0.2
7872,0.5,0.2,0.1,0.2
7880,0.4,0.3,0.0,0.3
7882,0.1,0.2,0.5,0.2
7885,0.9,0.1,0.0,0.0
7886,0.1,0.6,0.1,0.2
7890,0.2,0.1,0.1,0.6
7892,0.3,0.5,0.0,0.2
7893,0.8,0.1,0.1,0.0
7899,0.5,0.1,0.3,0.1
7901,0.4,0.2,0.3,0.1
7904,0.3,0.6,0.0,0.1
7905,0.8,0.0,0.2,0.0
7906,0.6,0.1,0.2,0.1
7908,0.5,0.3,0.1,0.1
7911,0.3,0.1,0.2,0.4
7912,0.7,0.0,0.0,0.3
7914,0.1,0.4,0.2,0.3
7916,0.7,0.1,0.0,0.2
7917,0.7,0.1,0.0,0.2
7927,0.3,0.2,0.2,0.3
7932,0.6,0.4,0.0,0.0
7935,0.6,0.1,0.1,0.2
7936,0.3,0.2,0.2,0.3
7938,0.7,0.2,0.0,0.1
7939,0.4,0.2,0.0,0.4
7946,0.5,0.1,0.1,0.3
7952,0.6,0.0,0.2,0.2
7953,0.7,0.0,0.2,0.1
7954,0.9,0.1,0.0,0.0
7956,0.3,0.3,0.1,0.3
7958,0.5,0.1,0.0,0.4
7961,0.2,0.1,0.0,0.7
7963,0.6,0.1,0.0,0.3
7967,0.2,0.5,0.1,0.2
7969,0.2,0.5,0.0,0.3
7970,0.2,0.2,0.2,0.4
7972,0.3,0.3,0.4,0.0
7975,0.3,0.2,0.3,0.2
7978,0.8,0.1,0.0,0.1
7979,0.3,0.3,0.1,0.3
7980,0.1,0.1,0.2,0.6
7988,0.4,0.5,0.1,0.0
7997,0.3,0.3,0.2,0.2
7999,0.3,0.1,0.1,0.5
8006,0.7,0.0,0.1,0.2
8015,0.6,0.2,0.2,0.0
8020,0.5,0.1,0.0,0.4
8023,0.6,0.2,0.0,0.2
8026,0.7,0.1,0.0,0.2
8028,0.4,0.2,0.3,0.1
8031,0.8,0.1,0.1,0.0
8034,0.6,0.1,0.0,0.3
8036,0.7,0.2,0.0,0.1
8037,0.5,0.1,0.2,0.2
8039,0.3,0.1,0.2,0.4
8043,0.3,0.2,0.0,0.5
8044,0.3,0.5,0.0,0.2
8045,0.3,0.2,0.2,0.3
8046,0.6,0.2,0.1,0.1
8049,0.7,0.0,0.0,0.3
8051,0.2,0.3,0.0,0.5
8056,0.6,0.1,0.1,0.2
8057,0.6,0.0,0.1,0.3
8058,0.7,0.3,0.0,0.0
8059,0.4,0.2,0.0,0.4
8060,0.3,0.5,0.0,0.2
8075,0.6,0.2,0.2,0.0
8081,0.5,0.2,0.0,0.3
8082,0.0,0.4,0.3,0.3
8084,0.6,0.2,0.0,0.2
8085,0.2,0.7,0.0,0.1
8086,0.8,0.1,0.0,0.1
8087,0.8,0.1,0.1,0.0
8089,0.6,0.3,0.0,0.1
8090,0.3,0.2,0.2,0.3
8091,0.2,0.3,0.2,0.3
8092,0.3,0.1,0.5,0.1
8093,0.6,0.1,0.0,0.3
8100,0.1,0.2,0.6,0.1
8103,0.4,0.1,0.0,0.5
8112,0.4,0.3,0.1,0.2
8115,0.2,0.3,0.0,0.5
8118,0.6,0.2,0.0,0.2
8119,0.2,0.6,0.1,0.1
8120,0.3,0.2,0.0,0.5
8121,0.8,0.2,0.0,0.0
8143,0.6,0.2,0.0,0.2
8158,0.6,0.3,0.0,0.1
8160,0.4,0.0,0.5,0.1
8162,0.2,0.3,0.0,0.5
8167,0.7,0.1,0.1,0.1
8177,0.5,0.2,0.2,0.1
8180,0.5,0.2,0.1,0.2
8185,0.5,0.0,0.3,0.2
8194,0.5,0.3,0.0,0.2
8198,0.2,0.2,0.0,0.6
8199,0.7,0.2,0.1,0.0
8201,0.6,0.4,0.0,0.0
8203,0.8,0.1,0.0,0.1
8204,0.4,0.2,0.0,0.4
8209,0.4,0.2,0.1,0.3
8215,0.4,0.2,0.0,0.4
8220,0.1,0.2,0.4,0.3
8224,0.2,0.1,0.2,0.5
8226,0.7,0.0,0.0,0.3
8228,0.1,0.2,0.2,0.5
8232,0.4,0.3,0.1,0.2
8234,0.6,0.2,0.1,0.1
8235,0.3,0.6,0.1,0.0
8238,0.3,0.3,0.1,0.3
8244,0.5,0.2,0.0,0.3
8247,0.4,0.1,0.2,0.3
8248,0.9,0.0,0.1,0.0
8249,0.3,0.3,0.3,0.1
8258,0.4,0.2,0.2,0.2
8268,0.6,0.1,0.0,0.3
8270,0.6,0.0,0.0,0.4
8276,0.6,0.1,0.0,0.3
8285,0.8,0.0,0.0,0.2
8289,0.3,0.2,0.3,0.2
8294,0.4,0.2,0.2,0.2
8295,0.2,0.5,0.2,0.1
8296,0.2,0.2,0.2,0.4
8299,0.5,0.2,0.1,0.2
8305,0.9,0.1,0.0,0.0
8311,0.7,0.1,0.1,0.1
8313,0.5,0.3,0.0,0.2
8315,0.7,0.1,0.0,0.2
8318,0.4,0.3,0.0,0.3
8319,0.4,0.3,0.0,0.3
8320,0.6,0.1,0.2,0.1
8322,0.2,0.3,0.1,0.4
8326,0.3,0.4,0.3,0.0
8336,0.5,0.2,0.0,0.3
8338,0.2,0.4,0.1,0.3
8340,0.3,0.1,0.1,0.5
8342,0.2,0.2,0.1,0.5
8349,0.4,0.2,0.2,0.2
8357,0.3,0.4,0.1,0.2
8359,0.6,0.1,0.2,0.1
8360,0.4,0.0,0.0,0.6
8362,0.5,0.1,0.4,0.0
8367,0.4,0.1,0.4,0.1
8368,0.3,0.4,0.0,0.3
8370,0.4,0.6,0.0,0.0
8378,0.6,0.2,0.1,0.1
8379,0.4,0.1,0.0,0.5
8383,0.0,0.8,0.0,0.2
8386,0.5,0.4,0.1,0.0
8388,0.4,0.2,0.2,0.2
8389,0.7,0.0,0.2,0.1
8397,0.3,0.1,0.0,0.6
8399,0.3,0.4,0.1,0.2
8400,0.8,0.1,0.0,0.1
8406,1.0,0.0,0.0,0.0
8409,0.5,0.2,0.0,0.3
8415,0.2,0.2,0.4,0.2
8417,0.2,0.6,0.1,0.1
8418,0.3,0.5,0.2,0.0
8422,0.7,0.2,0.0,0.1
8425,0.2,0.5,0.0,0.3
8426,0.6,0.1,0.3,0.0
8427,0.5,0.4,0.0,0.1
8431,0.7,0.1,0.2,0.0
8437,0.8,0.0,0.0,0.2
8438,0.4,0.1,0.4,0.1
8440,0.4,0.2,0.4,0.0
8442,0.3,0.2,0.0,0.5
8446,0.8,0.0,0.1,0.1
8448,0.2,0.0,0.2,0.6
8449,0.3,0.3,0.0,0.4
8450,0.3,0.3,0.1,0.3
8453,0.9,0.0,0.0,0.1
8458,0.4,0.2,0.1,0.3
8459,0.5,0.0,0.2,0.3
8460,0.4,0.1,0.1,0.4
8465,0.5,0.4,0.0,0.1
8466,0.7,0.1,0.0,0.2
8468,0.1,0.3,0.5,0.1
8469,0.2,0.0,0.5,0.3
8472,0.4,0.1,0.0,0.5
8481,0.3,0.3,0.1,0.3
8482,0.2,0.3,0.1,0.4
8484,0.4,0.1,0.2,0.3
8494,0.7,0.2,0.1,0.0
8501,0.5,0.4,0.0,0.1
8510,0.7,0.1,0.1,0.1
8511,0.6,0.2,0.1,0.1
8513,0.4,0.2,0.1,0.3
8518,0.6,0.3,0.0,0.1
8521,0.1,0.6,0.2,0.1
8525,0.8,0.0,0.1,0.1
8527,0.8,0.1,0.0,0.1
8536,0.7,0.0,0.0,0.3
8537,0.7,0.1,0.1,0.1
8539,0.6,0.2,0.1,0.1
8541,0.0,0.1,0.1,0.8
8548,0.1,0.6,0.0,0.3
8549,0.8,0.0,0.1,0.1
8550,0.5,0.0,0.2,0.3
8552,0.5,0.1,0.1,0.3
8572,0.7,0.2,0.0,0.1
8576,0.2,0.4,0.0,0.4
8578,0.2,0.7,0.0,0.1
8584,0.2,0.6,0.0,0.2
8585,0.6,0.1,0.2,0.1
8586,0.5,0.2,0.1,0.2
8593,0.5,0.3,0.2,0.0
8600,0.5,0.4,0.0,0.1
8607,0.1,0.3,0.1,0.5
8608,0.8,0.0,0.1,0.1
8611,0.0,1.0,0.0,0.0
8616,0.6,0.3,0.0,0.1
8620,0.3,0.2,0.4,0.1
8622,0.5,0.3,0.0,0.2
8626,0.3,0.2,0.1,0.4
8629,0.6,0.1,0.1,0.2
8631,0.8,0.2,0.0,0.0
8632,0.5,0.0,0.2,0.3
8635,0.8,0.0,0.1,0.1
8638,0.4,0.2,0.3,0.1
8649,0.5,0.2,0.1,0.2
8652,0.5,0.3,0.0,0.2
8655,0.3,0.3,0.0,0.4
8656,0.3,0.3,0.1,0.3
8657,0.6,0.3,0.0,0.1
8661,0.5,0.2,0.1,0.2
8663,0.5,0.3,0.0,0.2
8665,0.5,0.2,0.1,0.2
8671,0.7,0.1,0.1,0.1
8673,0.2,0.0,0.3,0.5
8674,0.4,0.1,0.2,0.3
8690,0.2,0.5,0.0,0.3
8692,0.8,0.0,0.1,0.1
8693,0.6,0.3,0.0,0.1
8695,0.4,0.1,0.1,0.4
8703,0.6,0.1,0.3,0.0
8706,0.7,0.0,0.2,0.1
8709,0.3,0.5,0.0,0.2
8712,0.1,0.6,0.1,0.2
8717,0.4,0.4,0.1,0.1
8719,0.2,0.5,0.0,0.3
8722,0.2,0.0,0.6,0.2
8727,0.3,0.7,0.0,0.0
8728,0.7,0.0,0.1,0.2
8729,0.0,0.5,0.0,0.5
8730,0.6,0.3,0.0,0.1
8740,0.5,0.3,0.0,0.2
8757,0.6,0.1,0.0,0.3
8758,0.3,0.3,0.1,0.3
8762,0.3,0.5,0.1,0.1
8764,0.6,0.1,0.2,0.1
8767,0.2,0.2,0.3,0.3
8769,0.2,0.1,0.0,0.7
8770,0.3,0.4,0.1,0.2
8771,0.2,0.5,0.0,0.3
8772,0.3,0.2,0.1,0.4
8776,0.6,0.0,0.2,0.2
8778,0.3,0.4,0.0,0.3
8787,0.8,0.1,0.0,0.1
8792,0.6,0.0,0.1,0.3
8793,0.5,0.1,0.0,0.4
8794,0.5,0.2,0.0,0.3
8796,0.6,0.1,0.3,0.0
8802,0.6,0.0,0.3,0.1
8804,0.3,0.4,0.1,0.2
8810,0.3,0.3,0.0,0.4
8825,0.7,0.0,0.1,0.2
8826,0.5,0.2,0.0,0.3
8833,0.8,0.1,0.0,0.1
8844,0.1,0.6,0.1,0.2
8846,0.5,0.3,0.0,0.2
8848,0.4,0.2,0.2,0.2
8849,0.3,0.3,0.2,0.2
8855,0.2,0.1,0.0,0.7
8856,0.6,0.2,0.1,0.1
8857,0.5,0.1,0.1,0.3
8860,0.8,0.0,0.0,0.2
8864,0.6,0.0,0.1,0.3
8865,0.7,0.0,0.1,0.2
8866,0.3,0.1,0.1,0.5
8867,0.3,0.6,0.0,0.1
8871,0.8,0.2,0.0,0.0
8876,0.6,0.2,0.1,0.1
8877,0.1,0.3,0.1,0.5
8880,0.5,0.1,0.2,0.2
8881,0.8,0.1,0.0,0.1
8886,0.7,0.1,0.1,0.1
8887,0.1,0.5,0.0,0.4
8889,0.4,0.4,0.1,0.1
8892,0.3,0.0,0.1,0.6
8905,0.3,0.7,0.0,0.0
8911,0.6,0.0,0.0,0.4
8918,0.3,0.6,0.0,0.1
8920,0.7,0.0,0.1,0.2
8923,0.5,0.3,0.0,0.2
8924,0.4,0.1,0.0,0.5
8926,0.3,0.4,0.0,0.3
8929,0.7,0.0,0.2,0.1
8935,0.5,0.2,0.0,0.3
8940,0.4,0.1,0.2,0.3
8946,0.7,0.1,0.0,0.2
8950,0.4,0.5,0.1,0.0
8955,0.3,0.3,0.0,0.4
8956,0.4,0.5,0.1,0.0
8959,0.1,0.2,0.2,0.5
8963,0.4,0.2,0.0,0.4
8966,0.9,0.0,0.0,0.1
8968,0.6,0.1,0.2,0.1
8973,0.7,0.1,0.1,0.1
8979,0.3,0.2,0.2,0.3
8982,0.7,0.1,0.1,0.1
8985,0.4,0.4,0.0,0.2
8986,0.6,0.1,0.1,0.2
8987,0.4,0.0,0.1,0.5
8998,0.6,0.3,0.0,0.1
9002,0.6,0.0,0.1,0.3
9007,0.4,0.5,0.1,0.0
9008,0.5,0.3,0.1,0.1
9011,0.3,0.2,0.3,0.2
9015,0.7,0.0,0.0,0.3
9025,0.2,0.1,0.5,0.2
9028,0.6,0.3,0.0,0.1
9033,0.7,0.1,0.1,0.1
9036,0.9,0.0,0.0,0.1
9037,0.1,0.1,0.1,0.7
9039,0.7,0.1,0.1,0.1
9044,0.8,0.1,0.0,0.1
9045,0.3,0.1,0.0,0.6
9049,0.2,0.4,0.0,0.4
9050,0.3,0.0,0.1,0.6
9053,0.4,0.1,0.1,0.4
9055,0.7,0.2,0.0,0.1
9062,0.8,0.1,0.0,0.1
9063,0.3,0.5,0.0,0.2
9065,0.4,0.1,0.1,0.4
9068,0.4,0.2,0.1,0.3
9072,0.4,0.1,0.2,0.3
9073,0.2,0.6,0.0,0.2
9074,0.4,0.4,0.1,0.1
9076,0.5,0.2,0.1,0.2
9079,0.3,0.5,0.2,0.0
9087,0.0,0.8,0.1,0.1
9091,0.3,0.4,0.3,0.0
9093,0.4,0.4,0.1,0.1
9096,0.4,0.0,0.1,0.5
9097,0.2,0.3,0.0,0.5
9099,0.2,0.2,0.1,0.5
9102,0.3,0.3,0.2,0.2
9103,0.4,0.2,0.2,0.2
9104,0.1,0.2,0.6,0.1
9110,0.6,0.1,0.0,0.3
9113,0.3,0.0,0.3,0.4
9115,0.6,0.2,0.0,0.2
9120,0.3,0.1,0.2,0.4
9121,0.5,0.2,0.2,0.1
9122,0.5,0.1,0.2,0.2
9130,0.6,0.3,0.0,0.1
9136,0.6,0.2,0.2,0.0
9137,0.5,0.2,0.2,0.1
9142,0.6,0.2,0.1,0.1
9143,0.6,0.3,0.0,0.1
9144,0.3,0.2,0.1,0.4
9147,0.3,0.6,0.0,0.1
9148,0.5,0.2,0.0,0.3
9150,0.8,0.1,0.0,0.1
9151,0.0,0.4,0.3,0.3
9157,0.5,0.1,0.1,0.3
9158,0.2,0.2,0.2,0.4
9161,0.1,0.1,0.4,0.4
9175,0.6,0.3,0.0,0.1
9176,0.8,0.0,0.1,0.1
9182,0.6,0.0,0.1,0.3
9198,0.6,0.2,0.0,0.2
9199,0.3,0.1,0.1,0.5
9200,0.4,0.1,0.0,0.5
9202,0.4,0.4,0.0,0.2
9206,0.5,0.1,0.0,0.4
9210,0.5,0.1,0.1,0.3
9211,0.1,0.4,0.1,0.4
9212,0.5,0.4,0.0,0.1
9213,0.5,0.2,0.1,0.2
9214,0.2,0.1,0.7,0.0
9215,0.3,0.5,0.1,0.1
9225,0.7,0.1,0.0,0.2
9229,0.1,0.5,0.4,0.0
9230,0.4,0.2,0.1,0.3
9231,0.8,0.1,0.0,0.1
9232,0.4,0.5,0.0,0.1
9234,0.5,0.0,0.0,0.5
9243,0.8,0.0,0.0,0.2
9250,0.4,0.2,0.2,0.2
9251,0.2,0.2,0.2,0.4
9254,0.4,0.6,0.0,0.0
9258,0.1,0.1,0.2,0.6
9259,0.5,0.1,0.0,0.4
9260,0.3,0.4,0.1,0.2
9262,0.5,0.2,0.0,0.3
9264,0.1,0.5,0.0,0.4
9267,0.4,0.2,0.0,0.4
9268,0.3,0.7,0.0,0.0
9269,0.7,0.0,0.3,0.0
9272,0.2,0.4,0.0,0.4
9273,0.6,0.2,0.1,0.1
9275,0.5,0.3,0.0,0.2
9280,0.3,0.4,0.1,0.2
9282,0.2,0.5,0.2,0.1
9289,0.7,0.2,0.0,0.1
9298,0.8,0.0,0.1,0.1
9303,0.2,0.1,0.4,0.3
9304,0.3,0.3,0.1,0.3
9305,0.1,0.2,0.6,0.1
9306,0.6,0.3,0.0,0.1
9311,0.4,0.3,0.1,0.2
9312,0.2,0.8,0.0,0.0
9313,1.0,0.0,0.0,0.0
9315,0.4,0.2,0.3,0.1
9319,0.7,0.1,0.1,0.1
9320,0.6,0.1,0.2,0.1
9324,0.2,0.5,0.0,0.3
9325,0.5,0.1,0.2,0.2
9328,0.5,0.1,0.1,0.3
9333,0.3,0.3,0.0,0.4
9339,0.7,0.1,0.0,0.2
9340,0.6,0.1,0.1,0.2
9345,0.6,0.1,0.0,0.3
9350,0.4,0.1,0.1,0.4
9352,0.6,0.1,0.1,0.2
9354,0.5,0.2,0.0,0.3
9356,0.2,0.2,0.0,0.6
9363,0.6,0.0,0.2,0.2
9364,0.1,0.1,0.0,0.8
9367,0.5,0.0,0.1,0.4
9369,0.5,0.2,0.0,0.3
9370,0.7,0.1,0.1,0.1
9371,0.1,0.2,0.1,0.6
9372,0.5,0.3,0.2,0.0
9373,0.4,0.1,0.2,0.3
9381,0.7,0.1,0.0,0.2
9382,0.7,0.1,0.1,0.1
9385,0.4,0.1,0.1,0.4
9386,0.8,0.0,0.0,0.2
9394,0.4,0.3,0.2,0.1
9398,0.9,0.1,0.0,0.0
9401,0.2,0.6,0.1,0.1
9402,0.4,0.4,0.0,0.2
9406,0.5,0.2,0.0,0.3
9411,0.5,0.2,0.1,0.2
9413,0.7,0.0,0.0,0.3
9417,0.3,0.3,0.0,0.4
9420,0.4,0.4,0.0,0.2
9421,0.2,0.0,0.2,0.6
9423,0.6,0.1,0.2,0.1
9424,0.4,0.2,0.3,0.1
9427,0.6,0.2,0.0,0.2
9428,0.6,0.2,0.0,0.2
9435,0.2,0.0,0.2,0.6
9436,0.6,0.1,0.1,0.2
9438,0.5,0.3,0.0,0.2
9442,0.4,0.2,0.2,0.2
9443,0.6,0.1,0.1,0.2
9445,0.5,0.4,0.1,0.0
9446,0.3,0.2,0.0,0.5
9449,0.7,0.0,0.1,0.2
9452,0.4,0.2,0.1,0.3
9453,0.4,0.3,0.1,0.2
9454,0.3,0.0,0.3,0.4
9457,0.4,0.1,0.2,0.3
9458,0.4,0.2,0.1,0.3
9464,0.3,0.3,0.0,0.4
9467,0.2,0.7,0.1,0.0
9471,0.6,0.1,0.1,0.2
9472,0.3,0.5,0.0,0.2
9474,0.5,0.4,0.0,0.1
9475,0.7,0.2,0.1,0.0
9479,0.3,0.4,0.1,0.2
9481,0.6,0.1,0.1,0.2
9483,0.3,0.4,0.0,0.3
9484,0.5,0.2,0.1,0.2
9487,0.6,0.0,0.2,0.2
9495,0.5,0.3,0.0,0.2
9508,0.4,0.4,0.2,0.0
9510,0.4,0.2,0.1,0.3
9513,0.6,0.2,0.0,0.2
9516,0.6,0.0,0.3,0.1
9522,0.4,0.1,0.2,0.3
9525,0.8,0.1,0.1,0.0
9526,0.7,0.1,0.1,0.1
9528,0.5,0.1,0.1,0.3
9530,0.5,0.3,0.1,0.1
9537,0.4,0.1,0.1,0.4
9539,0.4,0.2,0.0,0.4
9544,0.9,0.0,0.0,0.1
9547,0.5,0.0,0.3,0.2
9549,0.5,0.4,0.0,0.1
9557,0.3,0.1,0.1,0.5
9561,0.6,0.1,0.1,0.2
9563,0.6,0.1,0.0,0.3
9564,0.2,0.4,0.2,0.2
9566,0.4,0.2,0.0,0.4
9567,0.1,0.6,0.1,0.2
9568,0.9,0.0,0.0,0.1
9571,0.4,0.0,0.2,0.4
9572,0.7,0.2,0.0,0.1
9582,0.8,0.0,0.1,0.1
9588,0.3,0.4,0.1,0.2
9591,0.6,0.3,0.1,0.0
9594,0.7,0.3,0.0,0.0
9595,0.2,0.5,0.1,0.2
9597,0.3,0.0,0.1,0.6
9602,0.2,0.2,0.2,0.4
9603,0.5,0.1,0.0,0.4
9609,0.4,0.1,0.0,0.5
9610,0.2,0.4,0.1,0.3
9617,0.3,0.2,0.4,0.1
9625,0.4,0.2,0.2,0.2
9629,0.2,0.1,0.0,0.7
9636,0.4,0.2,0.2,0.2
9637,0.3,0.5,0.0,0.2
9638,0.6,0.1,0.0,0.3
9643,0.2,0.4,0.2,0.2
9644,0.4,0.2,0.1,0.3
9645,0.3,0.1,0.3,0.3
9646,0.6,0.2,0.2,0.0
9648,0.4,0.4,0.2,0.0
9649,0.4,0.2,0.3,0.1
9652,0.6,0.2,0.2,0.0
9655,0.7,0.3,0.0,0.0
9656,0.5,0.2,0.0,0.3
9658,0.8,0.1,0.1,0.0
9662,0.5,0.3,0.1,0.1
9665,0.8,0.0,0.1,0.1
9673,0.5,0.2,0.1,0.2
9677,0.8,0.1,0.0,0.1
9680,0.6,0.1,0.1,0.2
9683,0.1,0.1,0.7,0.1
9687,0.2,0.1,0.2,0.5
9696,0.2,0.5,0.3,0.0
9702,0.1,0.0,0.1,0.8
9703,0.5,0.4,0.0,0.1
9706,0.2,0.2,0.2,0.4
9707,0.3,0.1,0.6,0.0
9713,0.7,0.0,0.0,0.3
9714,0.9,0.0,0.0,0.1
9718,0.7,0.0,0.1,0.2
9719,0.8,0.1,0.0,0.1
9722,0.3,0.3,0.0,0.4
9728,0.3,0.4,0.1,0.2
9731,0.5,0.2,0.1,0.2
9732,0.3,0.5,0.0,0.2
9734,0.4,0.2,0.1,0.3
9737,0.2,0.4,0.0,0.4
9740,0.5,0.2,0.0,0.3
9743,0.1,0.7,0.1,0.1
9745,0.8,0.1,0.0,0.1
9749,0.9,0.1,0.0,0.0
9754,0.6,0.2,0.0,0.2
9755,0.2,0.4,0.3,0.1
9760,0.4,0.6,0.0,0.0
9762,0.2,0.2,0.4,0.2
9766,0.2,0.5,0.0,0.3
9767,0.8,0.0,0.0,0.2
9768,0.4,0.4,0.0,0.2
9770,0.1,0.5,0.1,0.3
9777,0.2,0.5,0.1,0.2
9779,0.3,0.4,0.1,0.2
9780,0.5,0.2,0.2,0.1
9786,0.2,0.4,0.2,0.2
9790,0.2,0.6,0.0,0.2
9795,0.4,0.3,0.1,0.2
9796,0.5,0.0,0.0,0.5
9798,0.7,0.0,0.0,0.3
9806,0.5,0.3,0.1,0.1
9807,0.1,0.2,0.4,0.3
9811,0.6,0.1,0.0,0.3
9812,0.4,0.1,0.0,0.5
9813,0.4,0.4,0.1,0.1
9816,0.5,0.1,0.1,0.3
9820,0.6,0.0,0.0,0.4
9821,0.5,0.0,0.0,0.5
9822,0.4,0.4,0.1,0.1
9824,0.2,0.3,0.1,0.4
9827,0.2,0.2,0.4,0.2
9828,0.6,0.1,0.1,0.2
9832,0.4,0.0,0.1,0.5
9836,0.7,0.1,0.1,0.1
9837,0.4,0.2,0.0,0.4
9845,0.6,0.0,0.3,0.1
9846,0.7,0.1,0.1,0.1
9847,0.2,0.0,0.1,0.7
9851,0.5,0.1,0.0,0.4
9853,0.5,0.1,0.2,0.2
9855,0.1,0.6,0.2,0.1
9856,0.4,0.6,0.0,0.0
9865,0.3,0.1,0.0,0.6
9867,0.8,0.1,0.0,0.1
9870,0.6,0.0,0.2,0.2
9875,0.3,0.2,0.2,0.3
9878,0.6,0.0,0.0,0.4
9882,0.7,0.0,0.2,0.1
9884,0.3,0.2,0.3,0.2
9885,0.4,0.1,0.0,0.5
9886,0.4,0.3,0.2,0.1
9891,0.6,0.3,0.0,0.1
9895,0.3,0.0,0.6,0.1
9897,1.0,0.0,0.0,0.0
9908,0.4,0.0,0.0,0.6
9910,0.6,0.1,0.1,0.2
9915,0.3,0.4,0.0,0.3
9919,0.6,0.2,0.1,0.1
9921,0.3,0.4,0.1,0.2
9922,0.3,0.2,0.0,0.5
9924,0.2,0.5,0.2,0.1
9926,0.2,0.5,0.1,0.2
9928,0.5,0.1,0.3,0.1
9933,0.6,0.0,0.1,0.3
9935,0.1,0.3,0.4,0.2
9936,0.5,0.3,0.1,0.1
9940,0.6,0.0,0.2,0.2
9953,0.2,0.4,0.0,0.4
9954,0.2,0.4,0.1,0.3
9963,0.1,0.2,0.2,0.5
9967,0.3,0.2,0.1,0.4
9968,0.3,0.3,0.0,0.4
9969,0.3,0.0,0.0,0.7
9970,0.4,0.3,0.1,0.2
9971,0.5,0.5,0.0,0.0
9972,0.2,0.5,0.1,0.2
9973,0.4,0.0,0.1,0.5
9975,0.6,0.3,0.0,0.1
9976,1.0,0.0,0.0,0.0
9977,0.4,0.1,0.0,0.5
9978,0.4,0.2,0.1,0.3
9981,0.4,0.2,0.1,0.3
9986,0.3,0.2,0.0,0.5
9989,0.3,0.1,0.1,0.5
9991,0.4,0.3,0.0,0.3
9997,0.3,0.2,0.2,0.3
10002,0.2,0.6,0.0,0.2
10004,0.6,0.1,0.1,0.2
10014,0.6,0.2,0.1,0.1
10018,0.7,0.1,0.0,0.2
10019,0.4,0.3,0.2,0.1
10024,0.2,0.3,0.3,0.2
10030,0.4,0.0,0.5,0.1
10032,0.4,0.1,0.1,0.4
10033,0.3,0.2,0.0,0.5
10041,0.7,0.3,0.0,0.0
10043,0.6,0.2,0.0,0.2
10046,0.3,0.4,0.0,0.3
10048,0.7,0.1,0.2,0.0
10049,0.2,0.1,0.1,0.6
10055,0.7,0.0,0.2,0.1
10060,0.8,0.1,0.0,0.1
10067,0.4,0.2,0.1,0.3
10068,0.3,0.3,0.0,0.4
10072,0.6,0.2,0.0,0.2
10075,0.4,0.2,0.2,0.2
10080,0.6,0.1,0.0,0.3
10082,0.7,0.1,0.0,0.2
10084,0.2,0.1,0.2,0.5
10088,0.5,0.2,0.1,0.2
10091,0.3,0.2,0.3,0.2
10094,0.6,0.0,0.1,0.3
10096,0.4,0.0,0.3,0.3
10103,0.7,0.1,0.0,0.2
10105,0.2,0.1,0.1,0.6
10107,0.6,0.3,0.1,0.0
10108,0.4,0.3,0.1,0.2
10115,0.5,0.4,0.1,0.0
10121,0.6,0.1,0.1,0.2
10122,0.4,0.2,0.2,0.2
10124,0.6,0.3,0.1,0.0
10126,0.4,0.1,0.2,0.3
10127,0.3,0.2,0.0,0.5
10128,0.5,0.4,0.0,0.1
10131,0.8,0.0,0.0,0.2
10138,0.5,0.1,0.0,0.4
10141,0.5,0.2,0.1,0.2
10142,0.4,0.2,0.0,0.4
10143,0.4,0.0,0.0,0.6
10145,0.1,0.4,0.1,0.4
10149,0.6,0.2,0.0,0.2
10151,0.2,0.5,0.0,0.3
10152,0.8,0.0,0.0,0.2
10153,0.5,0.3,0.1,0.1
10154,0.4,0.1,0.0,0.5
10156,0.3,0.1,0.2,0.4
10162,0.2,0.0,0.0,0.8
10163,0.5,0.0,0.2,0.3
10165,0.2,0.5,0.0,0.3
10171,0.3,0.2,0.3,0.2
10175,0.8,0.0,0.2,0.0
10177,0.2,0.4,0.0,0.4
10181,0.1,0.6,0.0,0.3
10184,0.5,0.3,0.0,0.2
10186,0.5,0.2,0.0,0.3
10187,0.5,0.2,0.1,0.2
10193,0.3,0.3,0.1,0.3
10196,0.7,0.1,0.0,0.2
10199,0.1,0.4,0.4,0.1
10200,0.2,0.2,0.4,0.2
10203,0.4,0.3,0.2,0.1
10206,0.4,0.2,0.2,0.2
10208,0.4,0.1,0.0,0.5
10213,0.7,0.0,0.0,0.3
10216,0.3,0.1,0.2,0.4
10217,0.4,0.3,0.1,0.2
10219,0.6,0.1,0.0,0.3
10221,0.8,0.0,0.1,0.1
10224,0.3,0.2,0.2,0.3
10228,0.5,0.2,0.1,0.2
10231,0.2,0.5,0.2,0.1
10233,0.4,0.5,0.0,0.1
10237,0.2,0.5,0.1,0.2
10243,0.4,0.2,0.2,0.2
10245,0.4,0.3,0.0,0.3
10248,0.6,0.2,0.0,0.2
10249,0.8,0.2,0.0,0.0
10251,0.1,0.8,0.0,0.1
10252,0.6,0.2,0.0,0.2
10253,0.2,0.5,0.1,0.2
10254,0.6,0.0,0.1,0.3
10255,0.4,0.0,0.2,0.4
10262,0.5,0.2,0.1,0.2
10272,0.6,0.1,0.1,0.2
10273,0.2,0.2,0.2,0.4
10276,0.4,0.4,0.1,0.1
10277,0.6,0.0,0.0,0.4
10279,0.4,0.2,0.0,0.4
10280,0.4,0.4,0.1,0.1
10284,0.6,0.0,0.2,0.2
10286,0.7,0.3,0.0,0.0
10294,0.7,0.0,0.1,0.2
10296,0.3,0.4,0.1,0.2
10309,0.2,0.6,0.0,0.2
10311,0.5,0.1,0.0,0.4
10313,0.2,0.4,0.3,0.1
10319,0.5,0.0,0.2,0.3
10320,0.6,0.1,0.1,0.2
10323,0.5,0.2,0.0,0.3
10330,0.7,0.2,0.0,0.1
10332,0.8,0.0,0.0,0.2
10333,0.2,0.0,0.2,0.6
10340,0.6,0.2,0.0,0.2
10343,0.5,0.4,0.0,0.1
10345,0.4,0.4,0.0,0.2
10352,0.3,0.1,0.0,0.6
10362,0.3,0.3,0.0,0.4
10363,0.7,0.2,0.1,0.0
10367,0.8,0.1,0.0,0.1
10369,0.4,0.2,0.1,0.3
10375,0.6,0.2,0.0,0.2
10377,0.2,0.4,0.3,0.1
10387,0.5,0.1,0.2,0.2
10396,0.2,0.5,0.0,0.3
10399,0.2,0.6,0.0,0.2
10401,0.4,0.3,0.0,0.3
10402,0.5,0.2,0.0,0.3
10406,0.2,0.0,0.1,0.7
10409,0.6,0.1,0.1,0.2
10410,0.0,0.6,0.0,0.4
10415,0.5,0.2,0.0,0.3
10416,0.6,0.1,0.1,0.2
10417,0.3,0.4,0.1,0.2
10419,0.4,0.1,0.5,0.0
10421,0.3,0.4,0.2,0.1
10426,0.4,0.1,0.2,0.3
10429,0.9,0.0,0.0,0.1
10433,0.8,0.1,0.0,0.1
10434,0.7,0.3,0.0,0.0
10436,0.5,0.1,0.0,0.4
10443,0.6,0.1,0.1,0.2
10446,0.3,0.5,0.0,0.2
10448,0.0,0.5,0.0,0.5
10451,0.2,0.2,0.5,0.1
10458,0.4,0.2,0.0,0.4
10464,0.7,0.0,0.1,0.2
10465,0.6,0.3,0.0,0.1
10479,0.6,0.1,0.1,0.2
10480,0.2,0.2,0.0,0.6
10486,0.2,0.0,0.7,0.1
10489,0.5,0.0,0.1,0.4
10492,0.3,0.3,0.1,0.3
10499,0.8,0.0,0.0,0.2
10500,0.9,0.0,0.0,0.1
10503,0.1,0.6,0.0,0.3
10505,0.5,0.2,0.2,0.1
10511,0.6,0.0,0.0,0.4
10514,0.5,0.4,0.0,0.1
10517,0.8,0.1,0.0,0.1
10525,0.1,0.4,0.2,0.3
10531,0.2,0.6,0.0,0.2
10539,0.8,0.1,0.0,0.1
10540,0.6,0.2,0.0,0.2
10543,0.3,0.1,0.2,0.4
10544,0.3,0.6,0.0,0.1
10549,0.4,0.2,0.3,0.1
10555,0.4,0.1,0.0,0.5
10561,0.1,0.3,0.0,0.6
10562,0.2,0.3,0.0,0.5
10563,0.8,0.2,0.0,0.0
10567,0.7,0.3,0.0,0.0
10568,0.5,0.5,0.0,0.0
10569,0.5,0.1,0.0,0.4
10572,0.2,0.5,0.0,0.3
10573,0.7,0.1,0.1,0.1
10578,0.5,0.3,0.0,0.2
10579,0.2,0.3,0.3,0.2
10584,0.3,0.2,0.0,0.5
10594,0.7,0.0,0.0,0.3
10600,0.4,0.3,0.0,0.3
10603,0.3,0.4,0.1,0.2
10604,0.5,0.1,0.4,0.0
10607,0.2,0.3,0.2,0.3
10608,0.6,0.2,0.0,0.2
10611,0.2,0.4,0.1,0.3
10613,0.4,0.4,0.0,0.2
10615,0.3,0.5,0.1,0.1
10620,0.3,0.1,0.5,0.1
10623,0.3,0.3,0.1,0.3
10629,0.5,0.0,0.3,0.2
10632,0.6,0.2,0.0,0.2
10635,0.5,0.0,0.1,0.4
10637,0.8,0.0,0.1,0.1
10644,0.2,0.7,0.0,0.1
10646,0.3,0.2,0.1,0.4
10647,0.4,0.1,0.3,0.2
10651,0.7,0.1,0.0,0.2
10662,0.3,0.5,0.1,0.1
10665,0.4,0.0,0.2,0.4
10666,0.2,0.2,0.2,0.4
10669,0.2,0.1,0.3,0.4
10673,0.1,0.3,0.3,0.3
10675,0.6,0.0,0.2,0.2
10676,0.1,0.6,0.0,0.3
10680,0.5,0.3,0.1,0.1
10683,0.1,0.7,0.1,0.1
10690,0.7,0.2,0.1,0.0
10691,0.4,0.3,0.2,0.1
10694,0.5,0.2,0.1,0.2
10700,0.3,0.0,0.4,0.3
10711,0.4,0.3,0.0,0.3
10712,0.2,0.7,0.0,0.1
10713,0.1,0.0,0.3,0.6
10721,0.1,0.2,0.0,0.7
10722,0.5,0.2,0.1,0.2
10724,0.7,0.1,0.0,0.2
10726,1.0,0.0,0.0,0.0
10736,0.7,0.0,0.2,0.1
10737,0.4,0.5,0.0,0.1
10739,0.4,0.5,0.0,0.1
10747,0.7,0.0,0.0,0.3
10749,0.4,0.1,0.1,0.4
10752,0.6,0.1,0.0,0.3
10759,0.7,0.2,0.0,0.1
10762,0.7,0.1,0.0,0.2
10771,0.3,0.3,0.1,0.3
10773,0.4,0.0,0.3,0.3
10776,0.2,0.2,0.4,0.2
10784,0.3,0.6,0.0,0.1
10785,0.4,0.3,0.1,0.2
10793,0.4,0.2,0.2,0.2
10795,0.5,0.0,0.0,0.5
10797,0.3,0.4,0.0,0.3
10800,0.3,0.5,0.1,0.1
10803,0.6,0.1,0.1,0.2
10805,0.1,0.5,0.0,0.4
10810,0.4,0.5,0.0,0.1
10811,0.8,0.1,0.1,0.0
10814,0.4,0.1,0.1,0.4
10815,0.5,0.3,0.1,0.1
10817,0.6,0.1,0.2,0.1
10818,0.9,0.1,0.0,0.0
10823,0.6,0.1,0.0,0.3
10829,0.4,0.2,0.1,0.3
10830,0.4,0.1,0.1,0.4
10833,0.3,0.0,0.6,0.1
10840,0.5,0.2,0.0,0.3
10842,0.4,0.3,0.1,0.2
10845,0.6,0.2,0.2,0.0
10846,0.0,0.3,0.6,0.1
10848,0.3,0.4,0.1,0.2
10853,0.2,0.4,0.1,0.3
10854,0.1,0.3,0.1,0.5
10857,0.3,0.2,0.2,0.3
10859,0.5,0.2,0.0,0.3
10863,0.1,0.3,0.4,0.2
10869,0.4,0.1,0.1,0.4
10875,0.7,0.3,0.0,0.0
10876,0.4,0.3,0.0,0.3
10877,0.7,0.2,0.0,0.1
10879,0.4,0.2,0.0,0.4
10883,0.6,0.3,0.0,0.1
10884,0.3,0.1,0.3,0.3
10894,0.3,0.4,0.0,0.3
10897,0.4,0.3,0.1,0.2
10898,0.8,0.0,0.1,0.1
10907,0.2,0.1,0.7,0.0
10909,0.3,0.5,0.0,0.2
10910,0.3,0.0,0.3,0.4
10911,0.7,0.0,0.0,0.3
10916,0.5,0.2,0.0,0.3
10920,0.5,0.1,0.1,0.3
10926,0.4,0.2,0.0,0.4
10934,0.5,0.2,0.0,0.3
10945,0.7,0.2,0.1,0.0
10949,0.4,0.0,0.2,0.4
10950,0.2,0.1,0.5,0.2
10954,0.5,0.1,0.0,0.4
10958,0.8,0.2,0.0,0.0
10965,0.3,0.4,0.1,0.2
10967,0.2,0.3,0.2,0.3
10968,0.7,0.1,0.1,0.1
10969,0.4,0.1,0.4,0.1
10970,0.4,0.2,0.1,0.3
10971,0.4,0.2,0.0,0.4
10981,0.5,0.4,0.0,0.1
10982,0.6,0.3,0.0,0.1
10984,0.3,0.5,0.0,0.2
10990,0.4,0.2,0.1,0.3
10992,0.3,0.3,0.3,0.1
10998,0.6,0.3,0.1,0.0
11001,0.8,0.0,0.0,0.2
11007,0.1,0.7,0.0,0.2
11015,0.8,0.1,0.0,0.1
11016,0.6,0.0,0.4,0.0
11019,0.8,0.1,0.0,0.1
11032,0.7,0.2,0.1,0.0
11036,0.5,0.2,0.0,0.3
11037,0.5,0.2,0.3,0.0
11041,0.4,0.3,0.2,0.1
11042,0.5,0.1,0.0,0.4
11047,0.6,0.2,0.1,0.1
11048,0.4,0.2,0.4,0.0
11052,0.2,0.1,0.0,0.7
11055,0.8,0.1,0.0,0.1
11059,0.1,0.5,0.1,0.3
11061,0.8,0.1,0.1,0.0
11069,0.3,0.5,0.0,0.2
11072,0.5,0.3,0.0,0.2
11073,0.0,0.7,0.1,0.2
11077,0.6,0.1,0.1,0.2
11078,0.4,0.3,0.0,0.3
11081,0.4,0.5,0.0,0.1
11083,0.6,0.2,0.1,0.1
11084,0.5,0.3,0.1,0.1
11085,0.4,0.5,0.1,0.0
11089,0.7,0.3,0.0,0.0
11091,0.2,0.7,0.0,0.1
11093,0.7,0.1,0.0,0.2
11095,0.4,0.4,0.1,0.1
11096,0.7,0.1,0.0,0.2
11097,0.4,0.4,0.0,0.2
11098,0.2,0.0,0.1,0.7
11099,0.4,0.2,0.1,0.3
11112,0.7,0.2,0.0,0.1
11114,0.6,0.0,0.3,0.1
11117,0.5,0.1,0.1,0.3
11118,0.2,0.4,0.3,0.1
11124,0.6,0.3,0.0,0.1
11127,0.5,0.3,0.1,0.1
11137,0.3,0.3,0.3,0.1
11139,0.3,0.4,0.1,0.2
11141,0.7,0.2,0.0,0.1
11149,0.7,0.1,0.0,0.2
11157,0.5,0.2,0.0,0.3
11160,0.7,0.0,0.3,0.0
11161,0.5,0.1,0.0,0.4
11166,0.1,0.2,0.2,0.5
11168,0.1,0.4,0.0,0.5
11169,0.5,0.0,0.2,0.3
11171,0.3,0.5,0.2,0.0
11174,0.4,0.4,0.1,0.1
11184,0.4,0.5,0.0,0.1
11187,0.5,0.2,0.0,0.3
11192,0.6,0.2,0.1,0.1
11199,0.3,0.3,0.4,0.0
11200,0.2,0.4,0.0,0.4
11202,0.4,0.2,0.2,0.2
11204,0.2,0.3,0.0,0.5
11206,0.5,0.2,0.2,0.1
11208,0.4,0.1,0.1,0.4
11213,0.8,0.1,0.0,0.1
11221,0.4,0.6,0.0,0.0
11222,0.4,0.3,0.1,0.2
11223,0.6,0.3,0.1,0.0
11226,0.2,0.4,0.0,0.4
11228,0.5,0.2,0.0,0.3
11229,0.4,0.1,0.1,0.4
11231,0.5,0.0,0.3,0.2
11233,0.6,0.0,0.1,0.3
11239,0.4,0.4,0.0,0.2
11259,0.7,0.0,0.0,0.3
11260,0.1,0.3,0.3,0.3
11262,0.3,0.3,0.0,0.4
11263,0.4,0.1,0.2,0.3
11266,0.1,0.4,0.1,0.4
11269,0.6,0.3,0.1,0.0
11272,0.4,0.2,0.3,0.1
11273,0.4,0.2,0.1,0.3
11274,0.7,0.3,0.0,0.0
11275,0.8,0.1,0.0,0.1
11276,0.2,0.5,0.0,0.3
11278,0.2,0.5,0.1,0.2
11282,0.3,0.3,0.2,0.2
11284,0.2,0.4,0.1,0.3
11295,0.7,0.1,0.0,0.2
11298,0.3,0.7,0.0,0.0
11305,0.2,0.2,0.3,0.3
11308,0.9,0.0,0.0,0.1
11309,0.2,0.3,0.0,0.5
11313,0.4,0.5,0.0,0.1
11317,0.2,0.4,0.2,0.2
11323,0.5,0.3,0.1,0.1
11324,0.5,0.2,0.0,0.3
11325,0.3,0.6,0.1,0.0
11328,0.5,0.0,0.1,0.4
11329,0.4,0.2,0.0,0.4
11331,0.2,0.4,0.0,0.4
11333,0.2,0.2,0.2,0.4
11334,0.5,0.3,0.1,0.1
11335,0.8,0.1,0.1,0.0
11339,0.8,0.2,0.0,0.0
11342,0.3,0.3,0.1,0.3
11345,0.6,0.1,0.1,0.2
11350,0.8,0.1,0.0,0.1
11352,0.4,0.1,0.0,0.5
11354,0.3,0.4,0.1,0.2
11359,0.1,0.6,0.1,0.2
11365,0.5,0.1,0.1,0.3
11367,0.4,0.3,0.2,0.1
11368,0.4,0.2,0.0,0.4
11369,0.6,0.0,0.2,0.2
11370,0.5,0.0,0.2,0.3
11373,0.5,0.2,0.0,0.3
11377,0.5,0.1,0.0,0.4
11387,0.3,0.0,0.2,0.5
11388,0.5,0.1,0.0,0.4
11391,0.8,0.1,0.1,0.0
11396,0.5,0.2,0.2,0.1
11400,0.3,0.0,0.5,0.2
11406,0.5,0.0,0.5,0.0
11408,0.3,0.1,0.3,0.3
11410,0.5,0.2,0.1,0.2
11415,0.7,0.0,0.0,0.3
11420,0.2,0.5,0.1,0.2
11423,0.5,0.2,0.0,0.3
11427,0.3,0.3,0.1,0.3
11438,0.3,0.0,0.0,0.7
11440,0.2,0.3,0.4,0.1
11445,0.3,0.2,0.3,0.2
11449,0.4,0.3,0.1,0.2
11451,0.7,0.1,0.2,0.0
11461,0.6,0.2,0.1,0.1
11465,0.5,0.1,0.0,0.4
11470,0.4,0.2,0.2,0.2
11473,0.8,0.1,0.0,0.1
11478,1.0,0.0,0.0,0.0
11480,0.6,0.1,0.0,0.3
11483,0.5,0.1,0.1,0.3
11486,0.3,0.0,0.4,0.3
11490,0.2,0.6,0.0,0.2
11492,0.2,0.5,0.1,0.2
11495,0.7,0.0,0.2,0.1
11499,0.0,0.9,0.0,0.1
11501,0.6,0.0,0.1,0.3
11504,0.1,0.4,0.1,0.4
11509,0.3,0.2,0.0,0.5
11510,0.0,0.3,0.6,0.1
11512,0.4,0.3,0.0,0.3
11513,0.4,0.3,0.2,0.1
11514,0.5,0.2,0.3,0.0
11515,0.4,0.2,0.2,0.2
11516,0.4,0.0,0.5,0.1
11521,0.6,0.1,0.1,0.2
11527,0.5,0.3,0.1,0.1
11529,0.4,0.4,0.1,0.1
11533,0.1,0.0,0.7,0.2
11540,0.2,0.3,0.2,0.3
11543,0.3,0.2,0.0,0.5
11545,0.5,0.0,0.1,0.4
11546,0.4,0.5,0.0,0.1
11549,0.0,0.3,0.0,0.7
11550,0.5,0.4,0.0,0.1
11557,0.2,0.4,0.2,0.2
11561,0.3,0.5,0.0,0.2
11568,0.4,0.1,0.0,0.5
11569,0.6,0.3,0.0,0.1
11570,0.3,0.2,0.1,0.4
11575,0.7,0.0,0.0,0.3
11577,0.2,0.0,0.1,0.7
11578,0.2,0.3,0.0,0.5
11581,0.3,0.1,0.3,0.3
11584,0.2,0.2,0.1,0.5
11588,0.5,0.4,0.0,0.1
11590,0.2,0.2,0.3,0.3
11591,0.3,0.2,0.2,0.3
11594,0.7,0.2,0.0,0.1
11598,0.4,0.0,0.3,0.3
11599,0.4,0.2,0.1,0.3
11602,0.3,0.4,0.1,0.2
11612,0.7,0.3,0.0,0.0
11615,0.6,0.3,0.1,0.0
11619,0.3,0.4,0.3,0.0
11621,0.5,0.0,0.2,0.3
11627,0.1,0.0,0.7,0.2
11630,0.6,0.1,0.1,0.2
11641,0.8,0.0,0.0,0.2
11644,0.0,0.7,0.1,0.2
11647,0.3,0.0,0.2,0.5
11655,0.6,0.1,0.0,0.3
11661,0.2,0.4,0.0,0.4
11662,0.2,0.1,0.3,0.4
11664,0.4,0.0,0.3,0.3
11668,0.6,0.3,0.0,0.1
11669,0.2,0.4,0.0,0.4
11672,0.2,0.4,0.1,0.3
11673,0.2,0.2,0.1,0.5
11675,0.5,0.2,0.1,0.2
11678,0.3,0.1,0.2,0.4
11679,0.3,0.3,0.2,0.2
11681,0.7,0.2,0.0,0.1
11685,0.3,0.6,0.0,0.1
11690,1.0,0.0,0.0,0.0
11692,0.3,0.2,0.1,0.4
11694,0.4,0.0,0.2,0.4
11697,0.6,0.3,0.0,0.1
11708,0.2,0.3,0.1,0.4
11710,0.0,0.3,0.4,0.3
11711,0.1,0.6,0.2,0.1
11713,0.3,0.4,0.0,0.3
11714,0.3,0.2,0.1,0.4
11723,0.5,0.0,0.0,0.5
11724,0.7,0.0,0.0,0.3
11726,0.9,0.0,0.0,0.1
11730,0.6,0.0,0.0,0.4
11736,0.7,0.2,0.0,0.1
11737,0.2,0.3,0.2,0.3
11740,0.9,0.0,0.0,0.1
11741,0.6,0.3,0.1,0.0
11744,0.3,0.4,0.1,0.2
11750,0.6,0.1,0.0,0.3
11752,0.6,0.2,0.1,0.1
11753,0.4,0.2,0.2,0.2
11755,0.5,0.2,0.0,0.3
11756,0.7,0.1,0.1,0.1
11761,0.6,0.0,0.3,0.1
11762,0.4,0.3,0.0,0.3
11765,0.3,0.4,0.1,0.2
11766,0.3,0.1,0.2,0.4
11770,0.3,0.1,0.3,0.3
11773,0.7,0.0,0.0,0.3
11776,0.7,0.1,0.0,0.2
11778,0.4,0.4,0.0,0.2
11779,0.4,0.2,0.0,0.4
11786,0.7,0.1,0.0,0.2
11789,0.3,0.4,0.1,0.2
11790,0.6,0.2,0.1,0.1
11792,0.5,0.3,0.1,0.1
11793,0.3,0.0,0.2,0.5
11795,0.3,0.7,0.0,0.0
11796,0.7,0.1,0.1,0.1
11797,0.7,0.2,0.0,0.1
11802,0.3,0.2,0.4,0.1
11803,0.5,0.2,0.0,0.3
11805,0.4,0.4,0.0,0.2
11808,0.3,0.1,0.3,0.3
11816,0.7,0.2,0.0,0.1
11828,0.7,0.0,0.0,0.3
11832,0.5,0.1,0.1,0.3
11838,0.3,0.1,0.2,0.4
11844,0.3,0.4,0.2,0.1
11848,0.3,0.3,0.1,0.3
11849,0.4,0.4,0.1,0.1
11854,0.8,0.0,0.1,0.1
11856,0.6,0.2,0.0,0.2
11859,0.3,0.3,0.1,0.3
11860,0.4,0.1,0.4,0.1
11865,0.3,0.3,0.2,0.2
11871,0.7,0.1,0.0,0.2
11875,0.3,0.1,0.1,0.5
11879,0.4,0.2,0.3,0.1
11882,0.2,0.3,0.1,0.4
11883,0.6,0.1,0.2,0.1
11894,0.9,0.0,0.0,0.1
11901,0.2,0.6,0.2,0.0
11904,0.5,0.1,0.3,0.1
11905,0.2,0.3,0.4,0.1
11907,0.5,0.2,0.1,0.2
11908,0.1,0.5,0.0,0.4
11910,0.5,0.0,0.2,0.3
11918,0.5,0.3,0.1,0.1
11923,0.9,0.1,0.0,0.0
11926,0.2,0.5,0.2,0.1
11931,0.7,0.3,0.0,0.0
11937,0.4,0.0,0.1,0.5
11938,0.6,0.1,0.0,0.3
11940,0.2,0.5,0.2,0.1
11951,0.6,0.1,0.0,0.3
11957,0.4,0.3,0.0,0.3
11960,0.6,0.1,0.1,0.2
11967,0.2,0.3,0.2,0.3
11974,0.6,0.0,0.0,0.4
11976,0.4,0.1,0.1,0.4
11977,0.3,0.1,0.2,0.4
11980,0.0,0.8,0.2,0.0
11983,0.6,0.2,0.1,0.1
11984,0.7,0.1,0.0,0.2
11985,0.0,0.7,0.1,0.2
11992,0.4,0.2,0.2,0.2
11993,0.3,0.2,0.4,0.1
11997,0.6,0.2,0.1,0.1
12003,0.3,0.1,0.1,0.5
12004,0.4,0.1,0.1,0.4
12007,0.2,0.2,0.2,0.4
12013,0.2,0.2,0.0,0.6
12014,0.9,0.0,0.0,0.1
12016,0.4,0.2,0.4,0.0
12018,0.5,0.3,0.0,0.2
12022,0.5,0.0,0.1,0.4
12024,0.7,0.0,0.0,0.3
12025,0.6,0.0,0.1,0.3
12031,0.3,0.5,0.1,0.1
12033,0.9,0.0,0.0,0.1
12034,0.8,0.1,0.0,0.1
12038,0.6,0.4,0.0,0.0
12040,0.3,0.1,0.5,0.1
12041,0.3,0.3,0.2,0.2
12042,0.2,0.3,0.3,0.2
12044,0.1,0.5,0.0,0.4
12045,0.6,0.2,0.0,0.2
12048,0.6,0.3,0.0,0.1
12062,0.6,0.1,0.0,0.3
12067,0.0,0.5,0.0,0.5
12072,0.7,0.1,0.1,0.1
12074,0.2,0.3,0.2,0.3
12080,0.3,0.1,0.5,0.1
12081,0.3,0.1,0.2,0.4
12083,0.3,0.1,0.1,0.5
12084,0.8,0.0,0.0,0.2
12097,0.3,0.4,0.1,0.2
12108,0.5,0.2,0.3,0.0
12115,0.6,0.1,0.0,0.3
12127,0.5,0.3,0.0,0.2
12140,0.4,0.5,0.0,0.1
12143,0.3,0.5,0.0,0.2
12148,0.7,0.1,0.1,0.1
12150,0.3,0.1,0.1,0.5
12152,0.5,0.1,0.1,0.3
12154,0.4,0.1,0.3,0.2
12155,0.5,0.1,0.1,0.3
12158,0.5,0.2,0.2,0.1
12159,0.3,0.4,0.1,0.2
12163,0.6,0.3,0.0,0.1
12164,0.6,0.2,0.0,0.2
12169,0.3,0.1,0.5,0.1
12170,0.6,0.2,0.0,0.2
12173,0.9,0.1,0.0,0.0
12178,0.8,0.1,0.0,0.1
12186,0.4,0.3,0.1,0.2
12189,0.3,0.1,0.1,0.5
12194,0.6,0.1,0.1,0.2
12197,0.3,0.2,0.5,0.0
12198,0.5,0.1,0.3,0.1
12199,0.1,0.3,0.5,0.1
12207,0.8,0.0,0.0,0.2
12209,0.7,0.0,0.0,0.3
12210,0.5,0.2,0.2,0.1
12213,0.8,0.2,0.0,0.0
12224,0.7,0.2,0.1,0.0
12228,0.3,0.4,0.3,0.0
12231,0.3,0.4,0.0,0.3
12233,0.2,0.3,0.1,0.4
12242,0.5,0.1,0.1,0.3
12244,0.4,0.0,0.3,0.3
12246,0.7,0.1,0.1,0.1
12251,0.1,0.1,0.1,0.7
12255,0.6,0.3,0.1,0.0
12256,0.6,0.3,0.1,0.0
12259,0.8,0.2,0.0,0.0
12260,0.2,0.4,0.3,0.1
12263,0.7,0.2,0.0,0.1
12268,0.4,0.0,0.1,0.5
12269,0.6,0.3,0.0,0.1
12274,0.5,0.4,0.0,0.1
12275,0.1,0.6,0.3,0.0
12280,0.3,0.3,0.1,0.3
12281,0.5,0.0,0.2,0.3
12286,0.6,0.1,0.0,0.3
12287,0.3,0.0,0.1,0.6
12289,1.0,0.0,0.0,0.0
12295,0.4,0.1,0.3,0.2
12296,0.2,0.3,0.0,0.5
12298,0.6,0.2,0.2,0.0
12299,0.2,0.7,0.1,0.0
12301,0.4,0.3,0.0,0.3
12305,0.5,0.3,0.0,0.2
12309,0.8,0.1,0.1,0.0
12310,0.4,0.3,0.1,0.2
12311,0.2,0.0,0.2,0.6
12314,0.4,0.3,0.3,0.0
12321,0.4,0.2,0.1,0.3
12324,0.6,0.2,0.0,0.2
12325,0.6,0.2,0.0,0.2
12326,0.8,0.1,0.0,0.1
12328,0.4,0.2,0.0,0.4
12329,0.4,0.1,0.1,0.4
12333,0.6,0.0,0.3,0.1
12338,0.4,0.3,0.0,0.3
12340,0.2,0.3,0.2,0.3
12341,0.3,0.3,0.3,0.1
12343,0.6,0.2,0.0,0.2
12346,0.4,0.4,0.1,0.1
12349,0.2,0.0,0.2,0.6
12351,0.8,0.0,0.0,0.2
12352,0.6,0.2,0.0,0.2
12353,0.2,0.2,0.5,0.1
12357,0.7,0.0,0.1,0.2
12363,0.0,0.3,0.1,0.6
12370,0.4,0.4,0.0,0.2
12371,0.4,0.2,0.2,0.2
12374,0.8,0.1,0.1,0.0
12376,0.5,0.2,0.2,0.1
12380,0.6,0.1,0.1,0.2
12381,0.6,0.1,0.0,0.3
12383,0.6,0.2,0.0,0.2
12387,0.4,0.1,0.3,0.2
12392,0.9,0.0,0.0,0.1
12393,0.4,0.4,0.0,0.2
12398,0.1,0.1,0.8,0.0
12399,0.6,0.1,0.0,0.3
12408,0.7,0.0,0.2,0.1
12413,0.2,0.4,0.2,0.2
12414,0.2,0.4,0.0,0.4
12415,0.4,0.1,0.1,0.4
12419,0.5,0.4,0.0,0.1
12421,0.3,0.5,0.2,0.0
12425,0.3,0.0,0.5,0.2
12435,0.8,0.0,0.2,0.0
12438,0.0,0.4,0.1,0.5
12444,1.0,0.0,0.0,0.0
12450,0.4,0.2,0.1,0.3
12455,0.5,0.3,0.1,0.1
12457,0.8,0.2,0.0,0.0
12458,0.1,0.7,0.2,0.0
12463,0.3,0.3,0.4,0.0
12473,0.3,0.1,0.1,0.5
12475,0.2,0.7,0.0,0.1
12479,0.7,0.2,0.0,0.1
12481,0.6,0.0,0.0,0.4
12488,0.2,0.4,0.3,0.1
12492,0.5,0.3,0.0,0.2
12498,0.4,0.1,0.4,0.1
12501,0.6,0.3,0.0,0.1
12502,1.0,0.0,0.0,0.0
12508,0.3,0.6,0.0,0.1
12510,0.3,0.2,0.1,0.4
12518,0.4,0.4,0.1,0.1
12522,0.4,0.1,0.1,0.4
12525,0.1,0.1,0.0,0.8
12528,0.5,0.1,0.1,0.3
12530,0.6,0.1,0.1,0.2
12536,0.8,0.1,0.1,0.0
12538,0.2,0.6,0.0,0.2
12542,0.1,0.3,0.1,0.5
12543,0.3,0.3,0.1,0.3
12548,0.9,0.1,0.0,0.0
12554,0.5,0.3,0.0,0.2
12559,0.7,0.2,0.1,0.0
12561,0.3,0.2,0.1,0.4
12568,0.8,0.1,0.0,0.1
12569,0.2,0.8,0.0,0.0
12575,0.2,0.5,0.1,0.2
12579,0.1,0.6,0.1,0.2
12582,0.3,0.0,0.4,0.3
12586,0.1,0.4,0.4,0.1
12587,0.6,0.1,0.0,0.3
12589,0.7,0.0,0.0,0.3
12590,0.4,0.3,0.0,0.3
12592,0.3,0.3,0.0,0.4
12595,0.5,0.2,0.1,0.2
12596,0.8,0.0,0.1,0.1
12597,0.7,0.2,0.0,0.1
12608,0.5,0.0,0.1,0.4
12610,0.7,0.2,0.0,0.1
12614,0.3,0.3,0.0,0.4
12616,0.4,0.3,0.0,0.3
12617,0.3,0.7,0.0,0.0
12618,0.6,0.2,0.0,0.2
12619,0.4,0.2,0.2,0.2
12626,0.3,0.7,0.0,0.0
12627,0.6,0.0,0.2,0.2
12629,0.7,0.2,0.0,0.1
12631,0.3,0.4,0.1,0.2
12633,0.3,0.2,0.0,0.5
12639,0.4,0.2,0.0,0.4
12642,0.7,0.1,0.2,0.0
12649,0.3,0.0,0.3,0.4
12650,0.7,0.2,0.0,0.1
12657,0.8,0.1,0.0,0.1
12658,0.4,0.1,0.0,0.5
12665,0.5,0.2,0.2,0.1
12670,1.0,0.0,0.0,0.0
12672,0.6,0.2,0.1,0.1
12673,0.7,0.3,0.0,0.0
12676,0.5,0.2,0.3,0.0
12683,0.6,0.1,0.2,0.1
12684,0.5,0.1,0.1,0.3
12689,0.8,0.0,0.0,0.2
12694,0.6,0.1,0.1,0.2
12697,0.4,0.3,0.2,0.1
12698,0.6,0.4,0.0,0.0
12702,0.6,0.2,0.1,0.1
12705,0.1,0.0,0.0,0.9
12708,0.1,0.4,0.5,0.0
12710,0.9,0.0,0.1,0.0
12716,0.5,0.3,0.1,0.1
12717,0.5,0.1,0.1,0.3
12723,0.4,0.4,0.1,0.1
12724,0.5,0.1,0.0,0.4
12725,0.5,0.1,0.1,0.3
12728,0.4,0.2,0.1,0.3
12730,0.7,0.1,0.2,0.0
12732,0.6,0.1,0.1,0.2
12748,0.7,0.0,0.2,0.1
12749,0.2,0.2,0.1,0.5
12755,0.3,0.2,0.1,0.4
12758,0.5,0.2,0.1,0.2
12761,0.3,0.3,0.4,0.0
12765,0.7,0.1,0.1,0.1
12768,0.1,0.2,0.2,0.5
12770,0.6,0.2,0.0,0.2
12772,0.7,0.1,0.1,0.1
12773,0.7,0.1,0.1,0.1
12777,0.7,0.1,0.0,0.2
12778,0.3,0.4,0.1,0.2
12780,0.1,0.5,0.3,0.1
12784,0.4,0.4,0.1,0.1
12786,0.5,0.3,0.0,0.2
12796,0.6,0.3,0.0,0.1
12797,0.4,0.2,0.2,0.2
12799,0.3,0.2,0.0,0.5
12802,0.6,0.2,0.0,0.2
12804,0.3,0.7,0.0,0.0
12806,0.5,0.3,0.0,0.2
12813,0.3,0.1,0.4,0.2
12814,0.5,0.2,0.1,0.2
12815,0.2,0.5,0.2,0.1
12818,0.0,0.9,0.0,0.1
12821,0.3,0.3,0.1,0.3
12822,0.8,0.0,0.0,0.2
12831,0.7,0.1,0.2,0.0
12832,0.2,0.5,0.2,0.1
12840,0.2,0.1,0.0,0.7
12845,0.6,0.4,0.0,0.0
12847,0.8,0.0,0.0,0.2
12852,0.6,0.3,0.1,0.0
12857,0.4,0.4,0.1,0.1
12863,0.6,0.0,0.4,0.0
12869,0.4,0.5,0.0,0.1
12870,0.4,0.3,0.0,0.3
12871,0.7,0.0,0.0,0.3
12877,0.4,0.3,0.0,0.3
12878,0.4,0.1,0.3,0.2
12879,0.7,0.1,0.0,0.2
12880,0.4,0.2,0.0,0.4
12883,0.3,0.0,0.0,0.7
12884,0.7,0.2,0.1,0.0
12890,0.2,0.2,0.0,0.6
12891,1.0,0.0,0.0,0.0
12892,0.3,0.0,0.0,0.7
12893,0.6,0.1,0.2,0.1
12895,0.0,0.2,0.0,0.8
12898,0.4,0.1,0.3,0.2
12900,0.4,0.1,0.3,0.2
12901,0.3,0.5,0.1,0.1
12902,0.3,0.1,0.2,0.4
12905,0.2,0.5,0.2,0.1
12909,0.4,0.2,0.0,0.4
12913,0.6,0.1,0.1,0.2
12919,0.5,0.3,0.0,0.2
12920,0.3,0.2,0.2,0.3
12922,0.7,0.1,0.0,0.2
12924,0.4,0.3,0.0,0.3
12928,0.1,0.3,0.1,0.5
12931,0.8,0.1,0.0,0.1
12932,0.4,0.1,0.0,0.5
12938,0.3,0.3,0.2,0.2
12942,0.3,0.2,0.2,0.3
12948,0.6,0.0,0.2,0.2
12951,0.7,0.2,0.0,0.1
12952,0.3,0.6,0.1,0.0
12953,0.8,0.0,0.1,0.1
12955,0.3,0.3,0.0,0.4
12958,0.3,0.2,0.3,0.2
12970,0.6,0.1,0.0,0.3
12981,0.5,0.1,0.2,0.2
12988,0.2,0.2,0.0,0.6
12990,0.4,0.2,0.2,0.2
12991,0.3,0.2,0.1,0.4
13002,0.5,0.3,0.1,0.1
13006,0.7,0.2,0.1,0.0
13009,0.3,0.5,0.0,0.2
13011,0.2,0.2,0.5,0.1
13017,0.6,0.1,0.2,0.1
13021,0.4,0.5,0.0,0.1
13022,0.2,0.4,0.2,0.2
13024,0.2,0.2,0.0,0.6
13026,0.8,0.0,0.0,0.2
13030,0.7,0.1,0.0,0.2
13040,0.8,0.0,0.1,0.1
13042,0.6,0.0,0.2,0.2
13046,0.3,0.6,0.1,0.0
13047,0.6,0.3,0.0,0.1
13050,0.8,0.1,0.0,0.1
13052,0.2,0.3,0.2,0.3
13053,0.5,0.4,0.0,0.1
13056,1.0,0.0,0.0,0.0
13058,0.8,0.0,0.1,0.1
13061,0.3,0.5,0.0,0.2
13062,0.3,0.5,0.0,0.2
13063,0.0,0.3,0.5,0.2
13064,0.1,0.5,0.0,0.4
13065,0.5,0.0,0.2,0.3
13068,0.9,0.0,0.0,0.1
13069,0.7,0.1,0.0,0.2
13071,0.3,0.2,0.4,0.1
13072,0.9,0.0,0.0,0.1
13079,0.5,0.2,0.1,0.2
13081,0.4,0.3,0.0,0.3
13084,0.7,0.1,0.0,0.2
13088,0.3,0.1,0.1,0.5
13093,0.3,0.1,0.0,0.6
13095,0.9,0.0,0.0,0.1
13097,0.4,0.2,0.2,0.2
13099,0.9,0.1,0.0,0.0
13101,0.2,0.1,0.0,0.7
13102,0.8,0.1,0.0,0.1
13112,0.4,0.4,0.1,0.1
13113,0.0,0.3,0.3,0.4
13124,0.6,0.2,0.2,0.0
13128,0.7,0.2,0.1,0.0
13129,0.5,0.1,0.2,0.2
13130,0.9,0.1,0.0,0.0
13134,0.1,0.8,0.0,0.1
13136,0.3,0.3,0.2,0.2
13139,0.2,0.0,0.8,0.0
13140,0.4,0.0,0.2,0.4
13141,0.1,0.3,0.2,0.4
13144,0.5,0.3,0.1,0.1
13148,0.6,0.1,0.2,0.1
13150,0.3,0.5,0.1,0.1
13151,0.8,0.1,0.0,0.1
13154,0.5,0.0,0.1,0.4
13156,0.5,0.2,0.0,0.3
13159,0.3,0.1,0.4,0.2
13160,0.8,0.1,0.0,0.1
13165,0.3,0.2,0.4,0.1
13167,0.3,0.5,0.0,0.2
13171,0.4,0.5,0.0,0.1
13175,0.9,0.1,0.0,0.0
13176,0.6,0.2,0.1,0.1
13179,0.5,0.1,0.1,0.3
13190,0.2,0.5,0.1,0.2
13196,0.6,0.3,0.0,0.1
13197,0.5,0.0,0.3,0.2
13198,0.8,0.0,0.0,0.2
13210,0.4,0.3,0.0,0.3
13216,0.6,0.3,0.0,0.1
13224,0.1,0.4,0.1,0.4
13241,0.3,0.4,0.1,0.2
13248,0.5,0.2,0.0,0.3
13249,0.6,0.1,0.0,0.3
13252,0.6,0.4,0.0,0.0
13253,0.3,0.3,0.2,0.2
13258,0.7,0.2,0.0,0.1
13260,0.5,0.3,0.0,0.2
13261,0.3,0.4,0.1,0.2
13270,0.4,0.4,0.0,0.2
13274,0.3,0.3,0.2,0.2
13276,0.3,0.4,0.1,0.2
13280,0.3,0.3,0.4,0.0
13287,0.5,0.2,0.1,0.2
13288,0.4,0.0,0.3,0.3
13294,0.1,0.7,0.0,0.2
13295,0.5,0.0,0.1,0.4
13296,0.5,0.1,0.0,0.4
13298,0.8,0.0,0.0,0.2
13303,0.7,0.1,0.0,0.2
13305,0.5,0.1,0.1,0.3
13307,0.7,0.2,0.1,0.0
13309,0.4,0.1,0.1,0.4
13315,0.3,0.0,0.4,0.3
13322,0.8,0.2,0.0,0.0
13327,0.4,0.2,0.2,0.2
13330,0.5,0.3,0.0,0.2
13335,0.5,0.0,0.0,0.5
13340,0.6,0.1,0.1,0.2
13342,0.5,0.4,0.0,0.1
13344,0.7,0.1,0.1,0.1
13347,0.8,0.2,0.0,0.0
13350,0.0,0.4,0.6,0.0
13352,0.3,0.4,0.0,0.3
13353,0.5,0.3,0.1,0.1
13355,0.4,0.4,0.0,0.2
13356,0.4,0.3,0.1,0.2
13362,0.5,0.3,0.0,0.2
13365,0.4,0.2,0.3,0.1
13366,0.2,0.0,0.3,0.5
13368,0.3,0.2,0.1,0.4
13377,0.7,0.2,0.0,0.1
13381,0.6,0.0,0.2,0.2
13385,0.5,0.2,0.0,0.3
13389,0.8,0.2,0.0,0.0
13390,0.4,0.1,0.2,0.3
13399,0.4,0.1,0.1,0.4
13401,0.2,0.2,0.0,0.6
13407,0.5,0.3,0.0,0.2
13408,0.2,0.6,0.1,0.1
13411,0.5,0.2,0.0,0.3
13413,0.3,0.5,0.0,0.2
13416,0.7,0.1,0.1,0.1
13419,0.3,0.3,0.1,0.3
13422,0.2,0.6,0.0,0.2
13427,0.3,0.2,0.0,0.5
13433,0.4,0.5,0.0,0.1
13435,0.0,0.5,0.1,0.4
13436,0.5,0.3,0.0,0.2
13444,0.6,0.3,0.0,0.1
13445,0.6,0.2,0.0,0.2
13446,0.4,0.3,0.0,0.3
13447,0.8,0.1,0.0,0.1
13448,0.4,0.3,0.1,0.2
13450,0.4,0.3,0.0,0.3
13456,0.2,0.3,0.1,0.4
13457,0.9,0.0,0.0,0.1
13464,0.5,0.2,0.1,0.2
13467,0.0,0.6,0.2,0.2
13470,0.9,0.1,0.0,0.0
13471,0.7,0.1,0.1,0.1
13476,0.4,0.2,0.3,0.1
13477,0.3,0.1,0.0,0.6
13480,0.3,0.0,0.0,0.7
13481,0.4,0.0,0.3,0.3
13483,0.7,0.1,0.1,0.1
13486,0.7,0.3,0.0,0.0
13492,0.5,0.1,0.1,0.3
13494,0.3,0.5,0.2,0.0
13496,0.7,0.2,0.0,0.1
13503,0.7,0.0,0.1,0.2
13509,0.5,0.0,0.2,0.3
13513,0.6,0.2,0.0,0.2
13516,0.7,0.0,0.1,0.2
13523,0.6,0.1,0.0,0.3
13525,0.5,0.0,0.2,0.3
13528,0.6,0.3,0.1,0.0
13532,0.6,0.3,0.0,0.1
13538,0.8,0.0,0.1,0.1
13539,0.1,0.3,0.3,0.3
13546,0.4,0.0,0.0,0.6
13547,0.4,0.0,0.2,0.4
13550,0.4,0.3,0.0,0.3
13559,0.5,0.2,0.0,0.3
13561,0.4,0.3,0.1,0.2
13563,0.4,0.1,0.3,0.2
13570,0.5,0.2,0.1,0.2
13582,0.2,0.3,0.1,0.4
13583,0.3,0.4,0.1,0.2
13586,0.2,0.7,0.0,0.1
13589,0.8,0.0,0.0,0.2
13592,0.1,0.5,0.1,0.3
13595,0.1,0.2,0.1,0.6
13599,0.5,0.1,0.3,0.1
13600,0.3,0.3,0.2,0.2
13606,0.6,0.2,0.1,0.1
13607,0.4,0.0,0.4,0.2
13610,0.6,0.1,0.0,0.3
13619,0.5,0.0,0.1,0.4
13621,0.3,0.3,0.3,0.1
13624,0.5,0.2,0.1,0.2
13627,0.1,0.4,0.0,0.5
13631,0.7,0.0,0.0,0.3
13635,0.4,0.4,0.0,0.2
13636,0.3,0.2,0.4,0.1
13637,0.3,0.3,0.2,0.2
13638,0.2,0.5,0.0,0.3
13651,0.1,0.5,0.3,0.1
13652,0.3,0.2,0.2,0.3
13654,0.4,0.1,0.1,0.4
13657,0.4,0.2,0.2,0.2
13664,0.8,0.1,0.0,0.1
13671,0.3,0.3,0.1,0.3
13673,0.4,0.3,0.0,0.3
13680,0.4,0.2,0.2,0.2
13682,0.1,0.2,0.0,0.7
13685,0.4,0.4,0.0,0.2
13690,0.3,0.4,0.1,0.2
13695,0.2,0.2,0.0,0.6
13696,0.5,0.2,0.2,0.1
13702,0.7,0.2,0.0,0.1
13703,0.2,0.7,0.0,0.1
13705,0.2,0.2,0.0,0.6
13707,0.6,0.1,0.1,0.2
13711,0.2,0.5,0.0,0.3
13715,0.2,0.3,0.0,0.5
13721,0.4,0.1,0.3,0.2
13727,0.4,0.4,0.1,0.1
13732,0.3,0.4,0.1,0.2
13739,0.2,0.5,0.2,0.1
13740,0.4,0.4,0.0,0.2
13748,0.8,0.0,0.0,0.2
13751,0.9,0.0,0.0,0.1
13752,0.7,0.1,0.0,0.2
13758,0.3,0.2,0.0,0.5
13762,0.2,0.0,0.0,0.8
13765,0.1,0.7,0.1,0.1
13769,0.2,0.3,0.0,0.5
13789,0.8,0.1,0.1,0.0
13792,0.3,0.4,0.1,0.2
13794,0.2,0.2,0.1,0.5
13802,0.3,0.4,0.1,0.2
13803,0.6,0.2,0.0,0.2
13804,0.8,0.0,0.0,0.2
13808,0.3,0.1,0.2,0.4
13809,0.4,0.0,0.3,0.3
13812,0.1,0.6,0.1,0.2
13814,0.7,0.1,0.0,0.2
13820,0.7,0.2,0.0,0.1
13822,0.5,0.1,0.0,0.4
13826,0.2,0.2,0.1,0.5
13830,0.3,0.2,0.1,0.4
13831,0.7,0.1,0.0,0.2
13841,0.1,0.0,0.0,0.9
13843,0.7,0.0,0.0,0.3
13845,0.7,0.0,0.1,0.2
13848,0.7,0.0,0.1,0.2
13851,0.8,0.0,0.0,0.2
13852,0.3,0.3,0.1,0.3
13853,0.4,0.2,0.3,0.1
13854,0.8,0.1,0.0,0.1
13860,0.3,0.0,0.3,0.4
13862,0.0,0.4,0.4,0.2
13865,0.5,0.1,0.1,0.3
13866,0.6,0.1,0.1,0.2
13867,0.1,0.1,0.7,0.1
13871,1.0,0.0,0.0,0.0
13872,0.3,0.3,0.1,0.3
13878,0.4,0.5,0.1,0.0
13881,0.5,0.1,0.1,0.3
13882,0.9,0.0,0.0,0.1
13883,0.5,0.1,0.1,0.3
13886,0.8,0.0,0.1,0.1
13887,0.3,0.2,0.2,0.3
13891,0.8,0.0,0.1,0.1
13894,0.5,0.1,0.0,0.4
13899,0.5,0.2,0.2,0.1
13901,0.5,0.1,0.1,0.3
13909,0.7,0.3,0.0,0.0
13911,0.9,0.0,0.0,0.1
13916,0.4,0.0,0.0,0.6
13920,0.3,0.6,0.0,0.1
13925,0.5,0.2,0.0,0.3
13930,0.6,0.3,0.0,0.1
13931,0.2,0.3,0.0,0.5
13934,0.7,0.3,0.0,0.0
13936,0.1,0.4,0.4,0.1
13937,0.4,0.2,0.2,0.2
13944,0.1,0.0,0.9,0.0
13951,0.3,0.0,0.0,0.7
13954,0.0,0.8,0.1,0.1
13955,0.8,0.0,0.0,0.2
13956,0.5,0.3,0.1,0.1
13957,0.8,0.0,0.0,0.2
13963,0.4,0.3,0.0,0.3
13974,0.6,0.4,0.0,0.0
13976,0.7,0.0,0.1,0.2
13982,0.1,0.5,0.2,0.2
13983,0.3,0.2,0.2,0.3
13987,0.3,0.3,0.0,0.4
13988,0.1,0.2,0.7,0.0
13990,0.6,0.2,0.0,0.2
13991,0.4,0.1,0.2,0.3
14001,0.2,0.6,0.0,0.2
14003,0.7,0.1,0.0,0.2
14004,0.4,0.2,0.1,0.3
14005,0.6,0.3,0.0,0.1
14007,0.3,0.6,0.0,0.1
14013,0.5,0.0,0.4,0.1
14015,0.9,0.0,0.1,0.0
14018,0.4,0.2,0.2,0.2
14023,0.7,0.0,0.0,0.3
14030,0.6,0.3,0.0,0.1
14032,0.5,0.3,0.0,0.2
14040,0.7,0.0,0.1,0.2
14045,0.3,0.2,0.2,0.3
14047,0.3,0.2,0.2,0.3
14050,0.3,0.2,0.3,0.2
14054,0.3,0.2,0.1,0.4
14055,0.5,0.1,0.2,0.2
14057,0.4,0.2,0.1,0.3
14059,0.3,0.7,0.0,0.0
14063,0.5,0.3,0.2,0.0
14064,0.2,0.2,0.3,0.3
14070,0.5,0.1,0.2,0.2
14071,0.9,0.1,0.0,0.0
14079,0.5,0.3,0.0,0.2
14080,0.6,0.1,0.1,0.2
14082,0.5,0.2,0.0,0.3
14083,0.6,0.2,0.0,0.2
14086,0.3,0.2,0.3,0.2
14088,0.6,0.1,0.1,0.2
14100,0.8,0.1,0.0,0.1
14101,0.6,0.0,0.2,0.2
