id,orientation
2965,3
10211,1
8704,4
4450,2
10925,1
857,1
1801,4
6542,2
12535,4
4310,4
1046,1
780,1
7431,1
12110,2
10519,3
12243,2
4605,1
258,1
6880,4
9162,3
13201,3
12805,2
1528,2
9488,4
1648,4
6280,1
3255,4
5692,2
12946,3
12823,1
3351,1
498,1
8402,4
11043,2
105,4
13565,2
1661,4
7234,3
4134,1
1936,1
14103,1
12677,2
11045,3
7603,1
7101,1
3955,4
12465,1
11699,1
4008,1
5739,1
12288,2
9506,1
13133,2
11384,4
10160,1
8002,1
13378,3
5967,2
5620,4
1629,4
1265,1
2955,2
11172,4
9939,4
7545,2
1685,1
8205,2
9556,3
12005,1
7486,2
13644,4
2597,1
13856,2
3256,4
2110,4
8102,1
13207,1
12734,1
10083,1
696,2
136,1
10843,1
13162,1
8879,1
13837,2
7753,1
12926,2
6755,2
10093,1
11522,4
6691,2
1460,4
8528,1
10917,1
596,4
4861,1
2546,1
11701,1
3429,1
1282,2
3186,4
13921,1
9023,1
11301,4
8413,1
11728,4
5660,3
4390,1
1787,2
3693,1
9505,1
357,4
6736,4
2348,2
5973,1
8937,4
818,2
3417,1
7998,1
6050,4
7832,1
8702,2
6739,1
4316,1
7160,1
13797,1
3357,1
9810,1
6875,2
8495,1
6441,1
4180,4
11988,3
4368,4
10649,1
10757,1
9031,1
1324,1
3893,1
11925,1
3985,3
8838,4
8196,3
3890,1
4578,1
4872,4
3743,4
12994,4
4554,1
8366,2
9533,4
3821,1
463,2
13736,2
12686,1
13507,1
3603,1
11843,1
1375,1
882,1
4416,4
13924,1
9697,1
13488,1
7111,4
4513,1
9593,2
10469,1
456,1
8724,1
1840,1
5287,4
6333,4
2059,1
1899,1
13240,1
2223,1
261,1
2064,4
10545,2
7190,1
3672,1
11122,1
5232,4
2427,4
9253,3
4456,1
4760,1
4148,4
11147,2
10980,1
5590,1
7067,1
7039,3
12300,2
11219,1
1431,3
12404,1
5507,3
948,1
3336,1
8331,1
2181,1
8515,3
328,2
9349,2
3957,3
10701,1
8824,2
9029,3
11829,2
11866,1
2799,1
11240,1
12916,1
3237,2
4151,3
612,4
12252,4
10614,1
14049,4
2407,4
12859,1
1881,4
12336,3
4447,2
21,4
1543,1
7601,3
3423,1
3684,2
1515,4
13524,1
431,2
10618,4
7064,1
8859,1
11361,1
7535,3
12700,1
3964,4
9116,4
9138,1
8328,1
10625,4
4979,1
6408,2
7351,1
10686,2
13933,1
6428,3
5916,1
8395,1
3040,1
4407,1
1116,2
1990,4
4684,3
11144,1
13230,1
7169,2
4899,4
10307,2
970,1
12692,4
3660,2
11347,1
5382,2
2976,2
1287,1
9240,3
12789,4
13043,3
4350,4
405,4
8803,3
12524,1
1693,1
11949,4
8309,4
13149,2
640,4
8471,4
3093,2
12703,3
7008,2
9818,4
14099,4
7826,2
7130,4
1569,3
733,2
4769,1
4425,4
8286,3
12752,1
8763,1
7058,1
9647,4
3641,1
13388,2
13742,3
3990,2
2801,4
2596,1
13212,4
1758,2
2355,1
2744,3
9930,4
8961,2
8912,2
11337,1
9134,1
18,1
9316,1
8941,4
10342,1
691,1
13679,1
13091,1
2093,4
3234,4
4004,1
1357,4
5340,1
2023,2
6920,2
13681,3
11648,1
5919,3
2430,3
1658,4
7069,3
3719,1
1630,1
9862,2
5003,1
13783,1
4126,4
10734,1
3525,1
10109,4
14102,3
13975,1
5479,1
3644,4
7147,3
5960,3
13336,3
2866,4
2998,4
10681,2
6754,2
3446,1
13306,1
7828,3
2298,1
1344,1
472,1
9236,1
2282,1
556,2
8216,1
1177,3
2263,4
9190,1
2154,1
3144,1
9274,4
5812,1
12219,1
8277,3
12996,2
9218,2
7200,1
9575,1
11125,1
14061,4
4398,4
11503,1
5872,1
6484,1
12238,4
4242,4
6583,1
92,2
8529,1
11418,2
4129,3
9334,4
6707,3
11751,2
5360,1
8878,1
4997,2
1476,4
7871,1
10719,1
4083,4
3734,1
13147,1
5408,1
2959,1
7918,4
13005,2
2323,3
8254,2
307,4
1518,1
4214,2
6002,1
13684,1
12885,2
8139,2
12427,2
5677,1
12598,1
3416,4
12445,1
2508,1
10386,2
5922,1
11417,1
8477,1
5550,2
8759,4
8488,4
11846,2
2100,1
13077,4
9201,1
12306,4
6596,1
961,1
3526,2
4466,2
1666,3
3542,1
12272,1
6436,1
5428,1
7537,2
12982,1
8705,1
8174,1
4030,4
3620,2
13587,1
6028,4
3545,1
6356,4
6475,1
86,1
12006,2
508,2
5610,1
2412,4
11563,4
9545,1
1422,2
7677,1
1354,1
2371,1
5845,3
5654,1
2335,2
7435,1
321,1
13945,2
4443,2
9169,4
3018,3
6299,2
331,4
2921,1
10689,2
10763,1
11935,1
12191,1
1302,2
10979,2
8363,1
6510,3
7166,4
13501,4
12824,1
1038,4
11138,4
13308,1
3217,2
11620,1
5102,4
762,2
7722,4
12330,2
2453,1
2753,4
637,2
9331,2
13202,4
7543,1
13054,1
13980,1
9343,1
13614,4
10299,1
3756,4
14027,2
6376,1
4200,3
3184,2
7925,4
7724,1
7503,3
1858,1
9681,2
9205,1
5212,2
10521,4
1207,1
2890,4
11071,1
9462,1
718,1
7398,2
4186,1
897,4
12021,1
6345,2
12550,2
5373,2
10714,2
5066,3
1646,4
7712,2
5681,2
2481,4
9906,3
13811,3
13239,2
13506,2
8648,1
7196,2
7488,1
1800,2
6117,4
4774,2
14065,1
6731,1
11142,1
10007,4
11553,1
4817,1
4295,2
5643,3
573,4
4542,1
4115,3
12669,2
1944,1
11397,2
2016,1
2829,2
2471,1
588,1
1407,3
8894,2
6000,3
10962,3
9950,1
6827,2
1101,1
819,1
5480,1
7566,1
13041,2
1803,3
9916,1
6934,1
3520,2
1605,3
9391,1
916,1
2484,1
1867,4
12177,4
12249,1
13578,2
1904,2
6518,4
743,2
5151,4
2114,1
11934,3
594,4
3235,1
13709,1
13912,2
246,2
8974,1
9379,1
5783,1
10774,1
13406,1
11903,1
8013,3
10467,3
12139,1
4377,2
5625,2
684,1
2945,4
2712,4
8519,1
2182,2
240,4
4409,4
4515,1
13992,1
4871,2
7812,2
8062,2
11214,1
4262,1
9279,1
10259,1
4449,1
4209,2
131,1
469,4
8980,1
9456,1
2647,1
3569,1
6602,4
2473,1
9344,3
10133,1
11484,2
12570,1
11555,1
9587,1
13667,4
10750,2
13713,4
4709,1
5431,4
2912,4
7220,3
3312,3
6858,2
9542,4
1894,3
4660,2
13256,3
10058,4
8523,2
7891,1
6966,3
7663,4
7987,3
12172,4
11743,2
6540,4
2003,2
8739,1
1040,1
1567,4
4286,4
11348,3
3301,4
9944,1
132,2
11732,3
668,1
13603,4
5396,3
12766,1
625,3
13661,1
13782,3
7085,1
4783,1
3220,1
12941,4
8261,4
1761,4
9378,2
3449,1
6982,4
2500,1
3150,1
1293,4
8543,4
7326,1
4294,4
11811,1
1323,1
6024,2
9850,1
4342,1
6323,2
8474,1
2267,4
6622,4
6715,4
8113,1
2615,2
9168,4
4538,2
11885,1
8544,1
8836,4
7427,3
1851,1
1814,1
7059,2
8166,1
7286,3
9858,4
5337,2
7218,3
5977,3
647,1
8280,3
7974,4
10111,4
13014,1
6778,1
11294,2
1199,1
6713,3
13424,4
13641,1
10512,1
11978,2
9551,3
3418,1
13382,1
6182,2
1449,1
6065,4
7364,1
13484,3
7643,2
3092,1
9491,4
2102,2
13823,1
311,2
2622,4
5865,1
9441,4
13738,2
5567,2
11722,3
4505,2
2350,1
549,2
13116,3
5638,1
8142,1
11812,3
3356,1
9287,1
10520,2
622,1
312,4
2384,2
1317,4
7733,1
153,2
24,4
6297,4
12495,1
11921,3
11371,1
12266,4
10648,1
8503,4
13286,1
4252,2
13691,4
2436,1
12817,2
7095,1
2092,4
6112,4
7018,4
433,1
3372,1
5424,1
10657,2
14074,4
11709,4
3088,1
4941,4
4804,1
6171,2
2901,1
10102,4
12147,4
4019,1
10735,4
1975,3
13648,1
9092,1
13959,2
2047,2
7370,1
2731,1
8443,1
4818,1
10338,2
10463,1
8489,4
5394,2
8716,3
12771,2
10870,1
3444,1
8345,1
4603,1
9613,1
8532,3
13618,4
7587,4
3599,4
6973,3
12737,4
13420,4
4413,4
5564,2
8339,1
3358,1
3566,3
3451,1
5830,3
545,1
13772,1
12454,4
2081,1
9223,1
13780,2
9285,2
3846,1
7253,4
3646,1
4075,1
4875,1
12212,3
1334,4
3593,1
3723,4
9186,1
929,4
8478,1
9872,2
6328,2
2641,1
9027,1
2360,2
5949,3
9992,4
10236,4
1153,1
2815,4
4905,1
10865,4
13247,2
6332,2
10059,2
238,4
1220,3
12509,4
2464,2
6167,2
3818,3
8779,1
10557,4
7788,1
10575,4
9058,4
4224,3
5334,1
9628,4
5911,1
12606,2
8306,4
268,4
8906,4
917,2
9536,1
6896,4
10471,2
1972,3
1921,1
12116,1
11733,2
402,2
423,1
8372,2
10329,2
9959,1
10824,4
5393,2
7944,2
5982,4
9498,1
1031,4
3874,1
10955,1
2357,4
12335,4
7514,2
4444,1
9047,1
12833,1
1530,3
9502,1
709,4
10699,4
9876,2
9128,1
5341,1
7590,2
2288,4
10336,1
1300,2
5015,4
4880,1
13662,4
3662,4
10316,2
227,3
10201,4
12571,1
13000,4
4070,1
1585,1
3189,2
10972,4
1247,2
4415,2
5848,1
11488,1
8676,2
4113,4
12934,2
31,4
1277,1
7870,2
6176,1
8768,2
13266,1
11033,1
12337,4
9389,1
6340,4
5618,4
5627,1
503,1
5460,1
6846,1
237,3
8630,2
4604,3
8992,4
10831,1
12868,1
9358,4
13193,4
6486,1
11493,1
13199,1
13989,1
2854,3
13875,2
11344,1
2135,1
3652,2
2233,1
3296,1
13007,4
2870,2
13142,4
5579,2
7599,2
1983,1
5285,4
5001,4
3912,2
7329,1
7387,1
12290,1
13168,1
4698,2
9900,1
2634,4
5882,1
10037,2
1957,1
922,1
6574,1
4548,4
8279,3
6470,4
7959,1
8908,4
3194,3
8009,4
10844,4
5033,1
3638,1
583,2
12936,2
5548,4
13572,1
11128,1
7822,1
7818,3
14078,1
9040,4
1076,1
7237,2
8819,4
7734,2
9422,2
2308,4
8281,3
3952,1
2330,1
4612,2
12160,1
7895,4
11248,1
4353,1
6057,1
1889,4
11683,1
11626,1
6552,2
4164,2
2881,4
13045,4
11718,1
12993,4
2730,1
7219,1
8123,4
1503,4
3392,1
611,1
2065,1
13908,1
10268,2
10851,4
14056,4
1082,3
8899,4
3110,4
5387,4
9290,2
4116,1
1802,4
649,4
10247,4
7102,4
6454,4
11688,4
12061,3
11120,1
1916,4
8128,1
4642,2
471,4
10832,4
2449,4
12747,3
7562,1
6873,1
4832,1
4562,2
4672,1
3673,1
4289,4
13580,2
4556,4
3863,4
8526,1
6072,3
2579,2
2033,1
810,2
833,1
8189,4
11413,2
1260,4
5129,1
8573,1
2062,3
13273,4
7551,1
12090,1
9399,1
2906,1
7602,2
5275,1
6504,4
13223,1
8307,2
13277,1
2249,1
12779,2
11567,1
1559,2
6554,1
10318,4
8053,3
13981,4
11198,1
11775,1
13560,3
7820,1
3082,3
2401,1
1132,4
11819,4
9651,4
11207,1
7799,2
5171,1
9247,1
11104,1
2684,1
14092,4
3432,1
11482,4
13775,1
772,4
11293,1
1231,3
5038,3
9920,1
6705,1
11924,4
12963,1
12043,1
2894,2
3697,1
10799,1
2961,1
7010,2
9164,1
8689,3
1428,4
4017,1
13601,1
1251,1
9400,1
10244,1
3198,2
11874,4
12726,1
6738,2
7495,2
903,1
13003,1
13372,2
9384,1
10487,1
7817,1
7567,4
9671,2
2189,1
7397,1
7720,3
13735,1
11656,1
4718,3
12527,1
9817,2
10986,3
5183,3
5219,1
10256,3
2958,4
815,1
9941,1
9021,4
10860,1
2511,4
394,3
5499,4
5366,2
5477,1
13265,1
3165,1
6348,1
10394,2
9938,1
14014,1
4103,1
10437,2
8068,1
8699,4
10021,1
8229,4
11170,1
10577,2
3916,1
3803,1
3380,1
7531,1
1759,2
6709,1
7471,2
10240,1
2702,1
12430,4
5205,1
5549,4
6980,1
1687,1
1812,1
12760,2
2526,4
6813,1
12881,1
13791,2
10838,1
9535,4
13475,2
2741,4
7485,2
3132,4
4248,1
2752,1
4473,1
9444,4
6143,3
3921,4
8677,1
11441,2
4139,1
9947,2
9174,1
1856,1
4906,2
1728,1
1398,3
13743,1
13642,4
5755,2
9757,3
4821,1
1847,1
4962,2
4274,1
10816,3
4272,4
13838,1
7478,1
11437,1
2246,3
6004,1
6544,1
2448,1
191,4
7984,4
10861,2
5696,1
1174,1
878,2
5271,1
3240,2
2554,1
8604,1
3148,4
2701,3
4812,1
9888,2
10356,4
5952,4
11891,1
2227,3
3789,2
4318,2
13472,4
1628,1
3746,1
9248,1
2860,4
4998,4
10494,1
4306,1
9586,4
1689,1
13012,1
11454,1
2754,3
13776,4
1024,2
11959,1
13396,1
739,1
2337,4
11218,4
11517,1
1925,2
12663,4
10733,1
4914,1
3435,3
9664,2
5447,1
13386,4
12986,1
3477,2
10890,2
1408,2
2642,2
4194,1
8777,2
11595,2
548,4
13364,4
13086,1
6591,1
10715,1
1333,2
1013,2
5769,4
134,4
8071,2
11635,1
6450,1
2539,1
9204,1
53,4
6187,4
7703,1
10509,1
2551,1
5880,1
1160,4
10092,2
1715,1
12653,1
1319,3
6035,1
9166,1
12258,4
3017,1
461,2
11225,3
13552,1
13893,1
11130,1
932,3
12800,2
1712,4
13363,1
5279,4
6838,1
1395,4
10260,2
9909,2
9841,4
598,1
4585,1
9353,3
6461,1
9574,1
13718,3
11358,4
12904,1
8603,2
1955,1
11087,4
8637,1
10587,1
12366,1
4269,2
13985,1
2602,1
7448,4
5125,2
3714,2
2332,1
12485,2
10522,1
7094,1
6027,2
5617,4
4967,1
2620,4
11268,1
3509,1
2254,3
4452,4
13293,2
2804,1
2212,4
2662,1
6120,4
8571,2
11763,4
10435,2
9630,4
8795,4
8048,1
4624,1
12523,1
12763,1
7674,2
11684,4
5076,2
13844,4
9100,1
6302,1
8874,4
12621,3
1497,1
9314,2
5374,4
3381,2
12440,4
327,1
11876,1
941,3
11887,4
10621,1
121,2
41,4
2811,1
8921,2
12662,1
5517,4
1078,4
7212,2
6652,1
8949,1
8293,2
385,1
3052,1
374,2
11956,1
5350,3
2563,3
11255,1
11742,3
2614,1
7276,2
11855,1
3845,1
379,1
12974,4
10593,4
3637,3
11631,1
6893,4
1242,4
8862,3
14073,1
1438,2
7078,1
7004,1
13541,1
10652,3
3511,1
2803,3
9307,1
13326,4
3341,1
4867,1
1965,1
8814,3
443,1
8895,1
9869,1
1886,1
6389,3
287,2
1815,1
14053,1
13785,1
9733,2
3786,1
12204,2
13233,2
2877,2
8978,2
429,2
2850,1
2200,4
2639,4
2506,1
10297,4
572,2
8412,3
12410,4
4663,1
9914,2
13438,3
9261,4
4713,1
10988,1
9995,1
3735,3
9404,1
4553,4
11167,2
8627,2
11290,3
3778,4
6231,3
10961,3
13083,3
9960,1
3422,4
9419,1
5698,1
2594,3
1417,4
2388,3
7255,1
11735,2
5302,1
5648,1
188,2
12099,2
260,4
12411,1
10281,1
6789,2
12910,2
4007,4
5869,2
11178,1
13786,1
3812,4
9621,1
10754,4
7316,2
3094,1
2603,2
7655,1
5017,2
3534,4
4254,1
1346,3
10420,4
4435,1
10580,4
7821,2
8288,1
1255,2
7613,1
10169,1
4305,2
11535,1
12267,2
7394,2
6566,2
4161,1
7479,3
467,3
13038,1
2640,2
8269,3
514,3
13434,2
4268,4
7197,1
1229,1
2186,1
565,4
5566,4
2456,1
3212,2
7311,3
6834,4
5959,1
11585,2
13177,2
1531,2
2612,2
13166,1
12182,1
9477,2
10819,4
4956,2
6844,4
13395,1
8227,3
9808,2
9112,1
9803,1
858,2
9187,3
624,2
12060,4
3781,1
5519,1
6974,2
10090,4
270,4
10038,3
5777,1
7805,1
534,1
4770,1
2682,1
3897,2
11839,1
1033,1
4385,2
5770,4
12162,4
5311,1
14002,1
12441,4
6937,1
12696,3
274,1
4068,4
9996,1
11050,2
13461,4
10180,2
9759,1
8496,1
4652,1
4293,1
13029,4
6387,4
6698,1
11877,1
5701,4
1085,4
1450,3
13566,1
1115,4
9678,4
10693,4
8512,3
9366,3
1909,1
714,4
54,2
3585,2
9362,2
9918,2
13688,4
7636,3
4383,2
7760,4
12000,2
8930,3
6508,1
10020,2
10238,3
13493,1
2118,4
9667,1
13626,3
8396,2
8834,4
4097,1
11836,4
10513,1
13016,2
7173,1
3919,4
14,4
8364,1
6416,2
13864,1
6730,1
6810,4
12557,3
12360,4
9781,1
1943,1
4510,1
13127,4
13465,1
13267,3
11101,1
4442,4
7261,2
159,4
7948,2
7340,2
11471,1
7669,2
1017,2
6795,2
1211,1
11536,1
11058,1
10470,1
13719,2
5516,3
2789,1
873,2
12359,1
6840,2
700,1
8737,4
12316,4
6960,1
12979,1
13321,2
8356,2
4913,1
2835,1
6026,1
6567,1
2307,1
4620,1
94,4
4927,3
13665,1
13320,4
10559,1
4463,1
1127,1
8687,2
12713,4
6563,1
10852,4
11320,2
494,4
5576,4
12192,3
10589,1
75,1
4208,1
353,4
7152,2
7399,4
4313,2
8861,1
5637,1
1878,1
10760,1
3145,1
10718,2
4794,4
3982,1
955,2
11622,2
1054,2
11018,4
13548,1
12826,1
1576,1
4217,1
8434,3
1963,2
173,3
2280,4
10461,2
4809,4
8421,1
5376,4
2414,2
3823,1
8835,4
100,1
10552,4
9873,1
8329,4
13663,2
7175,1
9576,4
12783,1
7267,2
12545,1
7571,2
348,1
3923,2
14077,2
269,2
571,1
4702,3
3993,2
3043,1
11453,1
11850,2
3263,2
13639,1
13889,1
8236,4
11582,2
4866,1
5795,3
12205,1
4076,3
436,3
2525,4
3420,1
8735,2
2576,1
11158,3
3239,1
7270,2
6604,1
1167,4
10820,2
11840,2
63,2
8149,1
6218,1
7436,1
13078,4
12504,1
9459,2
6987,1
2191,1
6556,3
3958,1
8267,1
8688,4
13300,1
6735,1
8301,1
10000,1
7379,1
11175,3
8094,1
2486,1
13512,4
11658,4
12681,1
3583,3
13490,1
12792,2
8255,2
8752,1
9132,1
6977,4
13859,1
1765,4
7876,1
12834,1
5384,1
12611,1
6788,1
12175,2
8073,4
11123,1
6867,4
11038,2
715,2
8290,1
5295,1
10591,4
3941,1
10191,4
8579,2
8050,1
783,1
9800,1
13995,2
13453,3
8492,1
468,2
8310,1
1290,2
12132,2
11316,1
9857,1
9499,4
11230,1
11833,2
10606,1
2929,1
547,4
12020,1
2150,1
4106,1
407,2
942,1
7114,3
9177,4
6957,2
7874,4
9589,1
13986,1
9874,1
1316,1
98,1
3071,4
5060,1
8350,1
3030,4
3054,3
11826,2
4520,4
6161,1
12442,2
10478,1
4983,2
11706,1
2845,4
7856,3
936,4
2869,1
7522,4
10179,2
13701,2
3227,1
1474,1
5164,2
10952,4
7412,1
476,2
7992,1
9208,2
4853,4
12063,3
8493,1
8975,1
3176,2
4916,4
11431,4
2339,3
12086,4
12801,4
11695,2
11896,4
1056,2
13710,1
10585,4
9668,2
1289,1
10334,2
2538,3
9095,1
4378,4
4181,3
5121,2
8467,1
8242,1
3490,1
13181,4
5710,4
11583,2
9860,2
8479,1
11645,2
5254,2
1586,1
9531,3
5103,4
10003,1
1111,2
6398,4
7320,1
9294,1
4494,2
3609,4
3038,1
3576,2
3537,4
12443,1
12151,4
10112,4
9825,1
13745,2
10114,1
10027,1
11768,1
2514,3
1283,1
3779,4
8507,1
13082,1
1993,4
9359,4
15,3
9699,3
5456,3
2933,4
529,1
11500,2
2153,4
630,1
9222,3
2996,4
6852,4
12417,2
13863,4
11234,4
355,3
6250,1
5247,1
9376,4
99,1
1869,4
9747,2
1228,1
3966,1
10764,3
7819,3
13035,1
8361,4
7594,4
8546,1
12912,1
5402,1
12690,4
7579,2
2152,3
5871,3
5314,1
1036,2
6147,4
12447,1
1485,3
12643,4
1831,2
1430,2
12507,1
6109,2
6150,2
1480,4
10564,1
9879,1
5768,1
1454,1
10789,1
10661,3
1244,1
12312,4
3840,2
13204,2
5466,1
5504,1
4597,4
7011,1
7884,4
7020,4
10942,3
10554,2
5628,3
492,2
4756,1
10424,4
12630,2
4893,2
10214,2
8101,4
1206,4
11197,4
11265,1
11927,3
11287,3
701,1
1105,4
67,1
10306,1
10210,2
9480,4
8144,2
2441,2
6990,3
7484,2
2798,4
7208,1
13890,4
2019,2
4784,1
2724,1
1075,1
8891,2
4263,2
3476,1
1270,4
306,1
7950,1
6124,1
5214,2
8853,1
2913,2
2145,1
6681,4
1005,4
9509,1
4511,1
13400,4
7141,2
7127,1
13918,3
7468,4
9219,1
7993,1
6467,1
1961,1
10891,1
2697,4
9590,2
5357,2
7050,1
4632,1
5047,1
1158,1
4937,2
2259,3
13521,1
13623,2
3169,4
11103,1
8791,2
10936,4
692,3
10440,4
5772,3
474,3
13319,1
12865,1
12635,2
2216,2
1908,4
2424,4
10534,2
6261,2
289,3
2104,2
11447,1
5313,2
7021,2
8991,4
5133,4
791,4
5203,1
1109,1
7857,1
3852,1
13120,4
13870,4
2036,1
9081,2
1053,1
11425,1
13255,1
4990,4
8642,4
9622,2
5892,4
2743,4
12600,2
14098,3
8498,2
9650,1
13414,1
8697,1
5565,1
4428,1
5078,1
1717,4
8540,1
11986,2
2265,4
370,1
7634,4
4898,4
7965,1
9527,4
4820,1
5025,1
2761,1
3482,3
2116,1
7289,2
9631,1
12829,4
6608,2
3403,1
11852,4
7377,4
12291,4
12954,3
7038,1
7119,4
12843,1
7411,1
8029,2
6405,1
3829,1
711,1
8590,4
11566,1
4249,1
8830,1
5245,1
9987,3
5863,1
3666,3
4092,4
13375,2
8509,1
10807,4
4616,3
890,1
2046,4
1147,4
6485,4
8840,1
10889,3
9580,1
8888,4
11376,1
4302,1
2293,1
12432,1
5651,2
5557,1
4112,4
2142,2
3209,1
12355,4
1486,1
442,4
7490,2
7779,1
12470,3
11686,1
9716,3
11030,2
7366,2
10547,2
4278,4
5224,4
10639,1
10229,2
12165,1
6767,3
4614,2
5831,1
3592,3
9763,2
1995,4
4287,4
8125,2
3521,1
6224,2
7400,1
5463,2
5584,1
10786,1
8461,3
6601,3
3190,2
4523,1
12838,1
11539,2
3797,2
3167,1
3814,1
8291,1
4984,2
8808,2
334,3
12241,1
11757,4
83,4
8807,1
4388,4
4633,2
521,1
445,4
11823,4
3518,4
11580,1
14068,3
11665,1
13039,1
7268,2
6215,2
8188,1
6529,4
12534,3
12486,4
10867,4
4680,4
5206,1
2140,1
3332,1
5530,1
3037,3
11022,1
7671,4
2273,1
9238,1
12367,1
9887,1
12944,2
7862,4
3721,4
12073,3
7494,4
5405,1
1954,2
8148,3
531,2
3156,4
7079,1
12727,1
387,3
13656,4
12076,4
1757,2
10130,4
6633,4
2938,1
2385,3
13544,4
12369,1
11538,2
3532,1
12774,2
2426,1
12555,4
4647,2
12742,4
660,2
13526,1
13917,1
7642,3
7787,2
1901,2
3179,3
4492,1
13694,3
10627,1
413,2
11721,4
1709,4
4985,1
8348,3
1587,2
2000,3
4264,1
5276,1
13964,3
11565,1
11705,1
2238,4
2703,4
5738,4
6062,1
13649,2
12066,4
11463,1
4233,2
11496,1
284,1
10232,4
9295,1
7454,4
5843,2
13874,1
3213,2
2482,3
525,1
5094,1
2178,2
8283,1
7863,1
3290,1
3513,1
5138,1
10902,4
313,1
4323,1
5148,2
5596,2
5258,1
6357,2
8253,1
1489,1
10300,2
3892,2
4322,3
4514,2
6891,1
11608,4
7452,2
10449,1
8535,4
11827,3
1448,3
13080,1
1063,2
2523,1
13571,2
9346,1
4402,3
11895,4
913,1
3280,3
1509,2
9016,3
5876,3
2628,3
2480,1
13360,1
3604,1
2037,1
7037,3
1657,1
6466,1
6580,3
8597,1
1514,4
12279,2
8273,1
7619,1
614,1
1114,3
12531,4
3861,3
9864,2
8104,4
7265,2
10906,4
12546,1
2501,1
1342,1
12202,3
10379,1
414,4
7250,2
6101,1
9962,3
4610,4
4824,4
10775,2
4066,4
10455,4
7231,4
7678,2
12539,1
3515,4
9670,2
569,3
10287,4
1122,1
7840,4
8601,3
14043,1
13055,1
5861,2
10097,1
680,2
4574,1
619,4
7589,1
13285,1
1401,4
11941,1
10445,2
3170,4
10045,1
10278,4
12451,2
11053,1
3571,1
1595,1
5248,1
8476,1
11869,1
2808,2
10476,1
13770,1
2540,1
3718,4
9949,3
1542,3
6354,3
3622,3
364,3
2658,3
12837,3
2696,1
9433,3
172,1
6665,2
9585,2
6522,4
5278,3
5458,1
446,2
13302,1
4206,4
3853,1
1320,4
7508,4
9943,4
13737,1
7641,1
336,4
10150,1
5836,4
10933,1
9799,4
11867,1
6490,2
7759,4
12237,1
3544,2
9191,1
9220,4
5797,1
760,4
1857,2
6383,4
11952,2
1402,4
6477,1
7401,1
5481,1
11082,1
11922,1
8561,2
5419,3
8962,2
2053,1
8419,2
1722,4
3493,1
8633,4
2555,1
9951,4
3164,1
4307,4
6741,1
4088,1
11310,2
11379,2
13254,1
4959,1
4878,4
1627,1
14011,4
1591,1
12915,4
12680,4
788,4
12120,4
7263,2
5719,1
2726,2
8625,2
730,1
6412,4
6003,2
3900,1
4692,4
12057,3
4266,3
7544,1
7189,4
3264,4
9038,2
4926,1
7034,2
3439,2
11972,1
9469,2
12188,3
8384,4
5211,2
3801,4
9018,3
10706,1
4051,1
12010,1
9641,1
2082,3
11315,2
6149,2
8187,1
8376,4
7815,1
13842,4
8278,1
4340,2
8271,1
13442,1
856,2
4231,2
9107,1
4395,1
4788,4
3174,1
12516,4
674,3
10868,4
9114,1
10728,2
13370,4
9783,2
1250,4
3033,1
12347,2
11638,2
1092,1
1445,1
9974,4
578,1
11398,4
10671,1
13655,3
12552,1
2838,2
176,4
7853,4
4638,4
5737,1
13774,4
419,1
10887,4
2493,2
3248,1
13189,1
5714,2
3196,4
11913,3
11953,2
267,2
14031,4
6902,1
8245,1
13108,1
7476,1
13354,2
9026,2
2373,1
2257,1
2241,1
554,3
2203,4
8900,4
1833,2
935,1
12753,1
448,1
10061,2
7983,1
9729,2
13118,3
326,4
11609,3
13763,3
2229,2
4490,4
4565,1
11821,4
2827,3
152,3
8852,1
7692,4
13073,1
11405,4
2276,2
12245,3
5262,1
7842,4
7049,1
13173,1
5030,3
3918,1
3591,1
8099,1
3771,4
13817,4
7502,3
13629,4
5938,1
6105,2
871,2
7148,3
10344,2
3765,1
1423,4
12071,4
864,1
6085,2
3057,1
5061,1
13687,2
9183,1
13670,1
12412,2
8898,1
4096,1
7883,2
7373,4
13264,4
4747,1
10361,1
11355,1
2,1
9408,4
4152,1
410,1
10996,1
11485,2
13531,2
13824,1
11322,2
10999,3
5521,1
10485,4
10839,4
9553,1
9415,1
1520,4
5215,4
318,2
2433,2
3397,4
4525,1
9301,4
546,1
1750,2
13726,1
1350,4
10011,2
12190,2
9377,4
5435,1
12232,2
11372,2
5010,1
2285,1
2872,1
373,4
4182,1
9999,2
8012,4
8559,4
5857,2
796,1
4606,2
10207,1
3886,3
9835,1
10389,1
9098,2
9596,1
5676,1
425,2
9809,2
1214,4
3558,4
9966,4
12271,1
10976,4
1974,1
10404,1
2770,1
2345,3
13473,1
5268,2
3742,2
6578,2
587,1
1329,1
2553,4
1511,1
12075,2
825,1
8150,1
7530,1
12294,1
3135,1
2780,1
13211,2
12549,4
9927,3
381,4
11650,2
8547,4
13598,1
5365,2
10414,1
8369,1
670,1
804,1
2632,1
10964,4
6725,1
13643,4
2813,3
2408,1
12277,1
6883,4
9715,2
8141,1
12638,1
2383,4
8732,1
2962,4
7896,2
2560,2
7957,4
5815,1
6246,1
1387,2
13750,1
8723,1
6396,4
5130,3
2865,2
2400,1
1212,2
618,1
10028,2
4163,1
5154,2
11633,1
5093,4
3080,1
12482,1
1288,4
14028,2
10054,1
5199,3
5674,2
5823,4
2663,1
11687,1
2302,1
10787,1
5097,1
13107,1
4179,2
10029,4
12136,1
10258,2
12056,4
11145,1
8164,1
12407,1
12354,1
6908,2
2111,4
5608,3
5996,1
10510,1
894,4
2364,2
1839,4
8773,4
779,1
2837,1
10466,1
10170,2
9163,1
1185,2
11945,1
2790,2
3947,4
10717,1
10921,2
372,1
9663,2
3391,4
8377,1
10159,4
4701,1
7709,1
1243,1
14021,2
6440,2
5147,3
5645,1
11203,2
540,2
868,2
8696,2
2180,3
6516,4
4057,1
12989,2
8805,1
4588,1
4999,1
8741,1
7737,1
5174,2
12179,3
4352,3
1926,2
8967,2
9654,1
4833,2
7511,4
4125,1
13028,4
653,1
6473,1
989,4
2991,1
8355,1
13174,3
10930,1
12983,1
4973,1
3134,1
3752,1
4775,1
6095,1
8480,2
10806,1
9532,4
844,1
11674,1
579,4
3469,3
11216,3
7715,1
8567,1
10304,1
1469,4
2544,2
2960,4
7226,1
12168,4
6727,2
10732,1
2266,1
8165,2
11970,1
5702,2
14042,4
2128,4
4915,1
244,4
721,4
10616,1
1662,4
2370,2
10475,1
7209,2
9323,4
6229,2
6011,2
9838,1
4481,1
6962,1
13358,4
12087,3
2617,1
3118,2
12573,1
993,1
10766,1
6976,3
4501,3
11401,1
11029,4
4939,1
9998,2
11576,1
3023,2
9746,3
2327,2
10960,1
7274,1
8755,1
6385,1
1170,4
308,1
5532,1
950,2
11442,1
6465,2
2992,3
4729,4
7777,1
7802,1
11734,1
3747,4
3623,4
9785,1
7924,4
5184,4
11886,4
12601,1
8850,1
9265,1
8873,1
10672,1
9057,1
4493,1
2692,1
1664,1
5037,2
12135,4
9042,1
12394,3
2157,1
703,4
7084,4
10372,2
10392,2
12418,1
5644,4
7142,3
2334,3
1390,1
9296,1
6848,2
2957,1
11670,1
10015,4
12572,4
2610,4
4846,1
3694,2
11306,3
4199,2
9634,2
13902,1
5464,2
8947,2
9839,3
2122,1
9672,2
3283,1
9693,2
4691,1
12580,1
4920,1
6152,2
504,1
9497,1
8506,4
595,4
10812,1
3005,2
4650,4
4184,2
2605,1
7091,1
9237,1
3997,2
101,2
12293,1
5389,1
12141,1
11574,2
5049,1
6614,4
7243,2
663,1
4018,1
22,2
4816,4
13960,3
602,3
7711,4
12400,1
430,2
10081,1
6917,1
1307,1
6249,4
11277,4
2193,3
4669,3
397,1
4897,2
7178,1
497,1
8156,4
8710,4
9607,1
3485,2
908,1
10390,1
9197,4
5598,1
3589,1
13076,4
6054,4
5505,1
4752,3
9584,1
6676,1
7235,1
11643,2
2443,1
8097,1
8414,3
7165,2
808,2
2301,4
5339,4
10227,4
6678,2
12519,2
4013,1
13114,3
2711,4
5427,1
9224,3
2609,4
5534,4
5192,1
29,4
945,4
8475,4
4587,1
10592,4
2648,2
10864,3
8634,1
8321,4
1296,1
12247,1
8551,1
2710,1
3061,1
8114,1
13966,1
4755,2
817,4
6712,1
5105,4
38,1
13828,4
10667,1
5722,2
4137,2
12810,1
13534,1
1692,2
3412,2
7654,1
4284,1
9335,4
1751,3
11489,4
3567,4
13060,2
3231,1
9764,1
4244,1
7943,2
3798,1
3359,2
3651,1
7252,1
11245,3
9661,2
6535,3
8065,2
5321,1
12745,1
4234,4
6697,1
13183,3
12125,1
4367,1
10137,2
5113,4
7392,1
8619,1
314,4
10460,1
5886,2
6222,4
10493,1
2861,2
13868,1
12743,1
6373,2
3013,4
12095,1
11469,3
4854,1
9633,2
10225,4
13228,1
2487,1
4039,2
2910,1
4795,3
7577,1
562,1
4255,2
4986,2
10515,4
2795,1
12933,1
850,1
11179,1
13677,2
8316,2
13169,4
3031,1
8423,4
1639,2
2784,1
3346,1
12987,4
11899,4
12059,1
124,2
7708,4
2939,1
8219,2
2391,1
12220,2
1846,2
6310,3
1532,1
185,1
2008,2
3617,2
4567,2
6381,2
2969,3
9923,1
5890,1
6746,1
7968,1
8682,1
12995,1
12654,2
8428,2
8818,2
1335,1
2590,1
7868,4
9660,3
9541,4
9984,3
831,2
7288,1
8179,1
335,1
4393,4
13647,4
13946,4
2993,4
12929,1
1256,4
778,2
5399,1
13876,4
7112,1
2344,2
8131,2
2103,1
2793,1
8890,1
10431,2
5730,1
6241,1
10779,2
5901,1
6141,2
9615,3
6613,1
3004,1
4059,1
947,1
2361,4
2438,1
7259,1
7374,1
12751,4
3895,4
6821,1
12227,4
7940,1
11982,1
2141,1
5791,3
7275,4
9753,1
10756,1
2005,1
10051,1
377,1
2289,2
9355,2
13208,4
10106,1
7229,3
6434,2
250,2
7910,1
5250,1
10488,1
8694,1
781,2
7573,2
1327,1
1338,4
4909,4
358,1
2250,1
4935,2
10791,4
4203,4
13246,4
9639,4
6325,4
2067,1
2573,1
1447,2
11592,4
5161,4
3275,1
11715,2
8275,1
11300,2
122,1
3563,4
1088,4
10370,1
4526,3
11837,1
4153,3
4056,2
3688,2
1389,1
384,3
10042,2
7081,1
3528,4
5657,1
8714,1
3643,1
3334,4
1442,3
1034,1
8858,1
8774,3
12461,4
7612,1
5713,2
11917,4
6816,3
1574,2
7945,4
6478,3
12416,4
4084,2
7702,1
12358,2
11572,1
650,4
8977,1
12395,2
1353,1
4005,4
36,2
9619,1
9985,1
7942,1
4949,1
5570,1
7688,4
12701,4
10182,2
7223,3
3053,4
5614,2
8816,4
3679,4
5155,2
3913,1
1917,4
8491,2
217,1
13349,4
1563,1
12215,1
8598,3
12835,2
1004,2
4417,1
11660,1
2727,3
8884,1
11467,4
7032,2
6526,2
10912,2
971,2
44,1
5537,1
12424,2
12049,1
6833,1
8517,4
3201,4
13217,2
13357,1
2842,1
13325,4
10995,1
4895,2
1613,2
2440,4
2242,1
12918,1
2489,1
8408,4
3410,1
2346,4
11256,1
3073,4
11944,2
3891,3
13847,4
5624,2
13605,3
1505,1
10264,2
3799,2
8183,3
9418,1
8681,4
8105,4
12808,4
1023,1
8407,1
6262,1
2324,1
10341,1
5261,4
3663,2
8942,4
4757,4
6448,1
7516,1
11140,1
10899,1
3268,1
12605,1
10095,1
9051,3
11299,2
11613,1
11129,1
8392,3
2017,1
1484,4
10903,2
1345,2
10423,4
14066,4
7413,1
10089,1
3572,4
7300,1
10064,1
278,4
3523,4
5561,1
3838,1
13094,4
794,1
9461,4
7057,4
10192,2
11781,1
12375,2
5478,1
4193,4
9263,1
7553,2
7928,1
13262,4
8024,2
11468,2
13259,1
12235,1
265,4
5292,1
9868,4
1196,1
3243,3
6306,1
11070,1
6374,2
2613,2
3042,4
2409,3
8970,2
6592,2
13816,4
8265,4
11530,2
8239,3
2855,1
455,4
2716,2
10813,3
5958,4
11474,4
9689,1
6300,4
4711,1
56,1
491,1
925,2
11332,1
198,2
4119,2
4053,4
820,2
8562,3
5756,4
7713,1
12144,1
7523,3
10132,3
8035,4
9020,1
10586,1
9686,1
2379,2
6714,1
10412,4
9188,3
8524,1
12078,1
5487,1
5835,1
55,1
10263,4
10189,1
3745,3
9284,1
7668,2
7473,1
6413,2
435,4
11134,1
12085,4
753,3
11799,3
8675,1
12997,1
10951,2
8304,1
2002,2
85,1
12875,1
12874,1
5144,2
11554,2
10039,1
12776,1
4020,4
3097,2
4486,2
12121,1
2232,1
1373,1
10634,4
6019,2
3758,1
1888,3
7122,1
11146,4
11318,4
8957,1
11898,1
106,2
7739,3
1254,1
1724,1
1649,1
13734,2
13498,4
11798,4
49,4
2547,4
8256,4
2660,4
4319,3
488,1
4557,1
337,3
6588,1
10212,1
8733,4
1168,1
6643,4
14093,4
5457,1
1455,4
1499,1
10631,1
3728,1
140,1
2916,4
4403,2
5046,1
6442,2
11654,4
7027,4
11090,1
77,1
180,1
9854,1
272,3
4171,1
2524,1
2098,1
962,4
8595,2
6950,2
10364,2
7193,1
9302,1
3995,1
9980,2
10312,4
12474,3
2807,1
4259,1
4840,1
2512,4
6047,4
9338,4
10929,1
8851,2
4131,1
7224,1
7697,2
8708,2
7132,4
1832,1
11232,3
6837,1
12675,1
11000,1
7598,2
2031,1
5885,3
12339,4
13591,2
5513,1
12017,1
2107,4
4337,3
3594,1
2209,1
10065,1
9849,4
9793,4
748,2
5828,4
13278,3
1604,1
401,1
8972,1
5270,2
7894,4
12975,4
2113,2
8953,1
3016,4
7388,1
1090,1
13371,1
9773,2
9983,2
6321,1
11794,2
9360,2
10432,1
4399,1
114,2
5136,2
6329,2
11707,2
5083,2
14036,1
13805,4
3774,1
3370,1
4835,4
10798,1
4332,4
13115,4
8520,1
1621,2
10885,1
7036,2
13938,2
10821,1
14029,2
8192,2
11494,4
13057,2
3062,1
11962,1
11946,2
6947,2
11254,3
13361,4
12634,1
3488,1
5330,1
8557,1
10707,1
10801,4
9784,3
12984,3
13373,2
6240,3
3131,4
1726,3
9430,1
12937,2
8151,1
11238,4
6294,2
7210,1
12403,1
10828,1
9802,4
13857,3
9321,2
1688,1
12167,1
9437,2
2061,1
8725,3
6285,1
13766,1
1798,1
9640,4
5019,1
4397,1
542,4
9118,4
3075,1
3570,2
8347,1
5363,3
2985,4
6367,3
5936,1
6287,1
3473,1
9797,1
8003,4
5051,1
4260,1
7103,1
9439,1
2405,1
3338,2
3171,2
9708,1
13907,1
7170,4
5867,1
6378,3
12131,2
1216,3
13482,4
4166,1
8827,4
9080,1
8401,4
12134,4
10148,1
9235,2
3636,2
61,4
7793,1
4874,2
1403,1
11243,3
11487,1
5640,4
13896,4
5809,4
4902,4
11327,2
8457,3
8380,2
11220,2
2377,1
11505,4
11604,4
883,1
5601,1
12257,4
11873,4
12052,1
11389,2
6023,1
10529,4
6070,1
13777,4
11270,4
13620,1
2012,1
13764,1
10047,1
13861,1
11237,1
12678,1
5324,2
8976,1
2825,1
8829,2
3751,4
3587,1
13331,1
12957,4
115,1
4178,1
8984,4
2161,1
8700,1
11444,2
1374,2
5619,1
5788,1
8995,1
2078,4
2574,1
9534,4
8907,3
4135,2
3744,4
4974,1
11455,4
11787,1
3313,4
4734,2
10654,2
10753,4
10558,2
5162,2
4195,1
645,1
1573,4
9805,2
444,4
10017,3
5143,1
10641,2
8965,4
1997,1
6058,1
2564,1
12593,1
6763,4
1006,3
862,3
13404,4
1215,4
11280,2
13778,1
2834,2
4512,1
8486,4
253,2
6543,1
6275,2
7278,1
9523,3
10636,4
10944,4
5593,1
535,1
9894,3
2569,4
0,1
9727,3
13628,1
6081,2
13478,4
10373,2
4658,4
9064,4
12911,1
7451,1
754,2
13466,1
6527,1
346,3
1964,4
4304,4
12750,2
6769,3
13653,2
116,4
4215,3
9748,4
6313,1
12583,1
5014,4
12785,1
5432,3
12961,3
12612,1
5000,2
7574,1
12553,2
842,4
1205,1
50,1
1140,1
9642,2
13268,2
10915,4
6001,2
5980,3
13910,4
1783,2
7693,1
12456,1
10872,2
9181,1
2722,1
8358,1
7813,3
6603,4
12513,4
6118,2
10407,2
8667,4
9281,1
8017,2
7834,1
4869,1
10633,4
13754,1
3701,1
5667,1
8754,4
12860,2
1426,2
877,2
10948,4
211,4
8994,1
7225,4
4776,1
2256,2
12960,1
10498,1
8919,2
13929,1
2588,1
6866,2
1753,1
11858,1
6245,2
1179,2
1126,4
8618,1
9390,1
13463,4
12217,2
11164,1
11133,4
11336,4
11064,4
11341,2
6104,1
5656,1
4330,4
12940,4
11150,1
2119,4
9392,1
9948,4
12917,4
963,1
10761,1
6919,1
2470,1
10012,1
12967,2
8021,1
11785,1
5307,1
1781,2
5018,4
4712,4
11271,4
13699,1
11955,2
8720,2
2319,4
1677,1
3689,4
3105,4
11044,4
10218,4
659,1
3329,2
6363,1
8574,4
11880,3
13161,1
13947,2
712,4
5896,3
12798,2
11110,2
4440,2
2063,1
2051,1
2836,2
3249,4
13329,2
3825,4
12464,2
6803,1
4177,3
10136,2
3302,2
3550,1
13833,2
9105,1
10772,2
11349,1
7359,1
3303,4
13905,2
2695,2
6298,3
10682,2
7624,2
2618,4
10928,3
1240,1
10548,2
9332,3
688,4
12674,1
6097,3
13374,1
10729,3
9317,4
10194,1
13923,1
8910,2
10895,1
12848,4
2674,1
14008,4
8909,1
13152,2
9842,2
3987,4
275,1
4886,2
1379,1
12704,1
11717,1
5390,1
12517,1
797,1
11725,1
11338,1
1811,3
5379,1
1261,3
2221,2
13092,2
4600,4
11552,3
6038,2
1495,4
1458,4
9961,1
8917,3
8945,1
7680,4
7204,4
8504,4
7838,4
4507,2
7941,4
9752,2
8718,2
12496,4
5280,1
2691,1
1932,1
4226,1
5231,2
9735,1
13928,1
1191,3
8662,1
12223,1
4966,1
12613,1
1238,4
8266,2
6153,2
4693,1
8175,4
10738,4
3149,1
12735,4
2785,2
12203,2
12390,2
3430,3
10266,2
4265,3
2109,1
7409,1
7563,1
9932,4
8913,4
4034,2
11079,4
9627,1
7875,1
4582,1
8398,3
12379,1
3014,2
8847,1
3199,3
6175,1
12943,4
8756,4
9726,1
3773,1
9416,3
13281,3
11307,1
2956,1
9432,2
11719,2
7045,3
13767,2
3920,1
7163,1
7396,1
8337,1
7088,1
6506,4
8441,3
3102,2
8429,4
10057,2
994,4
6624,1
9608,4
3978,2
6760,1
8038,1
7976,1
5364,4
1370,3
12100,2
13676,3
8952,2
11302,4
10927,2
6904,2
4516,3
4664,2
12809,4
506,1
1619,2
4495,4
2351,1
3496,1
11210,1
10746,2
10705,3
11973,2
4768,4
5293,4
7937,1
5707,3
10439,4
6350,1
10395,1
773,1
3007,1
5110,1
13948,2
5912,1
10202,1
12935,2
11296,1
7520,1
13723,1
12230,4
11623,2
5935,1
9145,2
2338,2
1506,2
6772,1
1336,1
4414,2
7350,4
3875,4
11969,2
2707,1
4475,3
10688,2
4394,4
13689,1
3860,2
2862,4
2029,1
1884,3
1825,1
8581,2
4197,4
3060,3
3880,4
9720,1
8666,1
11006,1
2465,1
259,1
12089,1
5163,1
13369,4
3457,4
2792,1
6063,1
9013,1
6993,3
5149,4
3888,4
2549,1
7309,1
10071,1
13666,4
11783,4
2787,2
9925,4
8157,4
12825,1
9578,1
13180,4
12746,1
10628,4
13616,1
9387,4
4321,4
6135,1
9751,2
12925,1
11616,2
11508,1
8691,3
1855,1
3733,1
9896,1
10242,1
7162,2
7294,2
8748,1
13376,2
11068,1
8134,1
4934,4
13462,4
2964,4
13109,2
12781,2
967,2
7143,1
5068,4
665,4
5213,1
11593,1
10173,1
5985,3
5868,4
10716,4
6783,2
8052,1
9184,1
3483,3
3834,1
5524,4
10660,4
10782,1
8812,1
9425,2
2742,1
291,1
7338,1
8225,2
13984,2
1713,2
13367,2
11054,1
10765,1
11532,2
6236,1
7232,1
10943,4
2824,4
5718,1
3588,1
2651,4
5850,2
7982,1
1694,3
10267,1
11126,2
3259,1
7990,1
9061,4
11994,4
960,2
4032,1
8314,1
8915,1
9082,4
2607,1
2543,1
10441,1
8783,2
7878,1
7897,2
11189,2
5599,2
8686,4
11340,2
9679,3
2074,1
9700,1
2714,1
7467,1
1863,1
2654,2
2900,3
4079,2
1912,1
9904,1
10355,1
1796,1
11642,3
6223,1
6824,4
10619,1
4497,1
13090,1
13821,4
1711,2
4043,4
8806,1
9455,1
11716,1
1368,3
2115,1
5545,1
13013,4
5546,1
1907,3
7801,3
4856,4
1235,4
5659,2
13226,1
11964,4
10087,4
5854,4
6525,1
2840,2
8872,4
2522,4
6628,1
10190,4
12887,1
2398,1
4312,1
1472,4
4552,1
6221,4
11429,4
2911,1
7552,2
6637,2
1058,1
7645,1
2830,1
3816,2
87,2
10274,1
2621,1
4945,2
11868,2
9060,3
66,4
12775,1
11194,2
764,1
14069,1
3716,2
5210,4
11524,1
11771,2
9178,1
390,2
2358,2
12985,1
12460,4
12307,1
5668,2
12047,1
6258,1
365,2
9599,1
4359,1
3851,4
3782,3
7444,1
627,1
11919,4
9929,4
10670,1
11928,4
7186,1
7092,2
4086,1
3887,2
10350,3
7549,4
2989,1
2197,1
1061,1
9292,4
8751,1
8424,4
300,1
2600,3
4883,2
13010,4
8670,3
6113,1
1862,4
2303,2
11057,1
2090,1
7423,4
3111,1
3478,1
5028,4
10595,4
2156,3
729,1
10581,4
4109,1
7640,1
4379,4
956,1
3556,1
13714,1
13836,1
9601,3
10697,3
1172,4
1994,1
10790,3
266,1
1988,3
6409,4
8080,2
4218,3
2606,3
316,2
8202,4
8761,3
12615,4
2949,1
7060,2
11241,4
13697,3
4077,1
6082,2
7323,1
13965,1
9736,1
12313,2
3763,2
3911,1
7137,4
13554,1
6548,4
13504,3
5327,1
5684,2
6806,1
757,4
13581,2
12493,1
4246,2
13879,1
10656,1
11780,2
10381,4
13741,1
3902,3
5392,2
8780,1
6079,1
10931,2
8083,2
9246,2
6541,1
3154,4
151,4
13575,1
10698,4
10973,2
475,4
3070,1
5472,1
12317,1
9010,1
8936,4
8943,1
4791,3
7053,2
7714,1
8896,4
6570,4
11109,1
9548,4
4532,1
8683,2
3573,3
10198,1
12104,2
11165,1
3260,2
10987,3
11878,1
1601,1
12853,2
12037,4
1953,1
606,4
12077,4
5308,4
5849,2
10385,4
4667,2
8499,3
12102,1
163,1
3460,1
215,3
11774,1
609,4
10588,1
1870,3
9819,3
2700,2
2300,2
11303,1
9249,2
8610,4
3059,1
11841,2
8456,2
6271,1
11205,2
9626,1
6052,1
380,1
9067,1
861,1
11652,3
5891,2
13214,2
10474,1
10542,4
2561,4
12709,2
6483,3
13813,3
11600,1
7586,3
662,1
6913,2
7157,4
1120,1
1924,4
13051,1
9958,2
11251,1
8334,1
12079,3
1159,2
1606,4
13432,4
8809,1
13423,1
10358,2
13953,4
2340,1
2007,2
11939,3
5486,4
8385,1
11422,1
3175,2
5578,1
12807,1
2805,2
12563,1
13314,4
3116,1
3472,1
305,3
6309,1
3155,1
518,1
9129,1
7761,1
9831,2
3975,2
4108,2
8636,1
10731,4
6582,1
2341,3
2552,4
1065,1
4522,1
12180,1
1637,1
1108,4
12273,1
11476,4
1339,1
5485,1
7001,2
2775,4
7138,2
8200,1
3210,1
7424,1
5808,1
9500,3
2542,1
648,1
678,1
12471,1
8621,4
5763,2
10484,2
12521,1
47,1
13669,4
1918,3
4778,1
7206,4
5690,2
10144,1
6046,1
13704,1
13106,1
1279,1
832,1
6870,1
32,4
7610,4
1844,1
6266,3
923,1
10069,2
2963,1
7637,1
8133,1
10892,3
13873,3
5289,1
5587,2
10185,2
4838,4
10050,4
6514,3
9554,1
10856,2
8882,2
6086,2
6817,1
13,2
7285,4
2294,4
11526,1
2469,4
6326,3
10374,2
11479,3
6025,1
3935,1
9772,2
4749,4
10518,1
9877,1
8129,2
7327,3
8022,3
11292,1
13405,1
7071,1
5724,2
3630,1
12206,2
13220,1
12015,1
10066,1
12959,4
1635,2
2084,1
1780,1
5981,4
13409,1
2272,4
3914,2
5948,2
8775,4
6366,1
8240,4
1874,2
2915,4
12945,1
12221,4
11288,1
130,4
1853,4
10730,1
12331,2
12319,1
13032,1
10841,4
1950,2
13999,1
7273,2
8176,4
1651,3
8609,3
13972,4
8643,1
4118,1
9203,1
165,3
4251,2
8553,2
8569,3
11560,3
3611,3
4430,1
7215,1
11727,1
10428,4
3615,1
13085,4
150,1
424,3
4995,1
6740,4
4410,1
5134,4
3316,1
5604,1
10755,3
3074,1
6157,4
13025,2
3795,2
13858,4
502,1
13391,1
2972,1
4751,2
752,1
9562,2
4459,1
12265,3
3459,1
3348,3
1435,1
6650,3
6208,2
2057,1
3727,4
3355,1
13304,4
5220,1
2951,4
13437,4
4849,3
10687,1
2413,1
1644,2
247,2
6336,1
2032,2
3310,1
977,1
3904,1
1232,2
8583,4
13800,1
10664,3
11395,1
37,1
9814,2
2072,1
6115,3
5290,2
7744,4
4592,1
3606,1
6901,4
12914,4
7995,4
8297,1
13556,1
12544,2
4863,1
10541,1
8602,2
6474,3
11847,1
1958,3
5986,4
8074,2
6162,1
1691,1
2231,1
12923,4
13744,4
6190,1
6295,1
1148,3
5343,1
620,1
10098,1
12388,3
11421,4
2796,4
8640,4
8832,1
13712,4
4946,2
495,1
7498,1
3364,4
286,3
522,2
12064,4
12126,4
13517,2
3584,4
7458,4
1710,1
4465,3
11351,4
10720,2
6126,1
11729,4
8508,3
7921,1
110,1
1136,1
13885,1
13394,3
2018,1
3605,2
13359,1
11105,4
8069,2
13761,4
830,1
7843,3
9540,1
14010,2
1385,1
9775,2
6576,1
4354,1
10371,1
8990,3
8591,1
3207,1
4912,1
2668,1
4665,1
2733,1
5117,4
12812,1
12551,4
13123,1
10453,1
12334,2
12964,2
11870,1
2518,1
8365,2
11357,2
8932,1
12661,3
9009,2
2750,1
3640,3
11034,1
9774,1
10566,1
13979,1
7845,3
5058,1
2202,1
10678,4
1410,4
10550,2
874,4
9083,3
1547,1
119,3
2185,1
2800,4
12497,1
4454,2
4980,2
12947,3
3497,2
14085,4
12409,1
6995,1
2027,4
11186,1
12459,4
3424,4
1362,3
14048,2
1064,3
6716,1
2499,2
8678,2
511,2
1893,1
12962,1
10847,3
5940,1
12636,1
2274,2
10360,1
13755,2
13840,1
9934,2
5655,4
1919,2
11745,2
1364,2
8734,1
13234,4
4014,1
1010,3
2599,3
5269,4
2192,2
12793,1
6069,4
6274,2
8343,1
8208,1
822,1
2228,1
205,2
10905,1
12699,4
3731,1
13829,1
2120,4
11459,2
4072,1
1981,4
4623,1
2541,1
823,2
3905,2
13439,1
12185,1
343,2
8817,4
7742,1
4637,4
14067,2
1817,4
214,1
7684,3
11217,1
9612,1
9054,3
5166,4
13449,2
1968,1
10977,1
10155,3
12886,1
8500,4
8811,2
6084,1
5356,4
1678,1
2681,2
3202,1
1583,4
10532,2
3195,1
13585,1
5300,4
4699,1
881,1
4789,3
1593,2
3843,2
190,1
4806,4
11107,3
9550,1
9482,1
10796,1
3530,4
6823,2
9979,4
10740,1
13728,4
12992,4
6710,4
14037,3
1568,4
5116,1
12195,3
13693,1
3382,4
5682,2
7395,4
10873,1
8863,4
9035,1
10535,1
3770,4
11698,4
1610,2
7024,1
2262,4
6456,2
5923,4
11704,4
12620,1
5767,4
408,4
13790,4
3783,1
9801,1
14051,1
13515,1
10013,1
2042,1
7033,1
13188,2
4955,1
7903,1
5827,1
8760,2
4027,3
11999,3
6822,2
949,1
3214,4
7850,4
7625,3
899,2
689,1
2183,2
10008,2
6402,1
6794,1
8327,2
12591,4
7246,4
11201,4
6193,2
12556,2
6586,2
9395,1
991,2
7239,4
13796,2
1000,2
12397,2
14075,1
1842,2
156,1
7930,4
13927,1
1184,2
4099,1
5465,1
13429,4
11636,1
13898,4
10139,2
9070,4
11188,1
12402,1
12714,2
2694,2
9283,3
1718,1
1467,4
1854,4
8182,2
4404,2
9493,4
12211,4
13431,1
2411,1
3191,4
1748,3
281,3
13430,1
4175,2
10524,4
1641,2
297,1
4386,3
2159,2
5310,2
13272,1
13163,1
10400,1
6513,3
8813,2
4726,2
5378,1
1809,3
3216,3
9611,4
11311,4
7446,1
6277,2
2766,1
11374,1
11950,3
3680,3
12304,1
4844,4
12930,4
7561,2
2009,1
11605,1
5377,1
6497,1
3740,1
10677,2
12149,3
13110,4
7785,4
11632,1
1470,3
2075,1
8592,2
10378,2
2677,2
4028,4
6756,4
6491,4
11392,1
6044,4
12841,1
14025,1
7100,2
12844,4
3404,1
13153,1
13015,1
14006,1
7795,3
6657,1
12858,1
8599,1
10804,1
11610,1
6717,1
1163,4
5158,2
6165,3
10825,3
2776,1
12969,4
5450,1
5633,1
713,1
12733,3
10994,2
10376,4
2139,4
8575,2
9139,1
13417,1
5489,2
5781,1
8433,4
5056,3
1681,3
4469,4
2888,1
1910,4
7696,3
8171,4
1536,3
1546,1
6059,1
4922,1
3141,1
3098,2
4159,1
2839,1
4903,4
9434,2
13338,1
10849,3
12250,1
11696,1
8841,4
5586,4
10174,3
5932,3
2198,3
9300,1
6943,3
9881,4
4687,2
2817,1
4094,2
2014,4
7414,1
324,1
8587,1
12261,1
5663,2
11954,2
6718,1
320,1
5064,4
592,1
9131,2
11190,1
12921,2
6173,3
10658,3
4157,3
11906,2
6634,2
8639,1
11784,4
10560,2
12469,4
8223,4
12906,2
10758,1
9489,1
1012,4
6764,1
3047,3
5104,1
12706,1
4807,3
6068,4
8713,4
6888,1
11411,4
2472,4
11435,4
9233,1
8944,1
6078,1
6999,1
2846,4
2290,1
11720,1
6874,2
6438,4
13807,1
6807,4
11106,2
3447,3
4062,1
5242,1
3003,1
9271,4
1774,4
13819,1
4144,4
58,2
2071,1
6933,2
11412,2
1421,4
4036,2
1784,2
2396,4
194,1
9598,4
1665,2
2868,2
25,1
6211,2
938,4
11246,2
8554,1
7771,1
2556,3
13869,3
13170,4
12002,1
887,1
13049,2
10491,1
10053,4
13454,2
5416,2
11390,1
558,1
7450,2
13019,4
13036,4
13724,1
4634,4
7460,1
3025,4
13773,2
13499,3
10940,1
12719,4
13452,2
6284,4
7172,1
3828,3
13514,1
5217,1
1725,1
9804,2
4282,1
6029,1
3067,4
4081,1
3712,2
1081,2
3267,1
8,3
8766,1
42,1
628,2
8563,4
10183,3
1134,1
11817,2
2904,2
12882,4
13301,1
2467,3
2210,2
7808,1
1025,4
8064,1
9826,3
147,4
3230,3
13098,1
3932,1
8312,1
2521,4
787,1
11603,1
4951,4
11176,1
1947,1
3409,4
3491,2
6640,1
13801,3
8948,1
3373,2
11152,2
11385,2
8405,4
13798,4
10393,1
8374,4
10321,3
5238,2
5157,2
9089,1
6463,2
2420,1
7003,1
9288,1
13131,4
10836,4
4468,1
10598,1
3383,1
12491,1
3625,4
7810,1
8011,1
9,1
10230,2
10640,1
11822,2
128,4
13415,3
12348,4
9465,4
6860,1
12560,1
2528,2
7029,1
13880,3
2269,1
6984,1
4422,4
9337,3
14072,4
8346,1
13825,1
11677,1
5798,4
51,3
12588,3
1818,3
1165,1
999,1
1456,1
8646,1
7307,4
1952,4
12098,1
7483,1
12431,2
8505,2
7202,1
1067,1
7763,1
5383,1
7962,2
6799,1
7836,4
6942,1
13426,1
13384,4
5678,2
9094,4
5048,1
5520,1
10743,2
7661,2
11861,4
3120,1
3327,4
12816,4
9001,2
8186,2
4960,3
2331,2
2806,1
582,1
2010,4
1149,2
13229,4
7222,1
11312,1
4460,4
7221,1
1860,1
6036,2
4858,1
1360,2
5372,1
1730,2
986,1
6595,1
11897,1
4731,4
9140,1
3668,4
13839,1
148,3
12999,3
4457,1
2809,4
4674,1
10405,1
879,2
8088,2
3159,2
4531,4
6743,1
9003,2
1457,1
12216,1
681,4
2244,3
8566,2
1262,4
13757,4
8047,4
8272,4
1396,2
212,1
13530,2
8925,2
12861,4
3308,1
3437,2
1896,1
95,1
8292,4
11183,3
2891,1
13877,1
8516,1
2930,4
2889,1
8650,3
1659,1
4715,4
3686,1
13235,4
4968,4
13455,4
705,1
5153,2
8644,1
3653,4
4499,4
11051,1
8221,4
11394,1
10351,4
11497,4
4015,2
10527,4
10924,1
13799,4
5998,4
3133,3
9823,3
12053,2
9899,1
2896,2
12320,2
2816,1
5444,3
10684,4
9032,2
12406,2
9149,1
5079,1
12607,1
1298,1
1977,4
853,1
5107,1
12820,1
5875,4
96,1
6098,1
4187,2
9993,3
8213,2
870,1
6447,4
13725,4
7492,1
11011,1
7406,2
9153,4
10939,1
12229,1
6654,1
13996,1
9744,4
3065,1
1097,2
5168,1
3453,2
8063,2
1676,4
11929,4
6869,4
5274,2
11758,4
8570,4
5347,1
13733,4
8393,4
10490,2
7375,1
13722,4
12285,3
11981,2
13218,1
3407,1
7181,1
8190,4
9955,1
6174,1
5522,2
7185,2
11028,2
1340,1
1872,3
9711,4
9520,1
9741,4
7425,2
5749,3
10099,1
10537,1
10878,2
9883,4
12564,4
13542,4
12088,1
12364,2
8981,3
1130,4
1219,4
4573,4
10289,4
7920,1
11597,4
4547,4
8839,1
11060,3
13977,1
7773,1
4384,1
2604,1
10985,1
3833,4
13502,4
2623,4
10923,2
4868,4
1176,4
4133,4
6370,1
8004,1
5607,1
7365,2
7264,4
5874,2
7440,4
432,4
7161,2
8781,1
4750,2
4328,4
3173,1
3806,2
12030,1
501,2
12129,1
876,1
10368,1
5039,3
11477,1
9543,2
1702,4
6030,1
7282,2
10809,4
12396,1
8799,1
2557,4
722,1
255,1
1041,3
13121,1
9085,1
1043,1
11831,1
7913,1
3041,4
4241,4
1558,4
1985,2
3809,3
1487,4
6723,4
10978,2
10769,3
6534,3
13117,4
3244,1
11920,3
8152,2
350,1
11998,2
1224,2
11424,2
574,1
4534,1
505,1
10348,1
5470,1
3514,1
13935,4
7550,4
6219,4
1482,1
1490,4
5569,2
12142,4
14041,1
8341,1
3262,3
171,2
7605,1
4678,4
9043,2
9228,1
11289,3
10601,4
6255,1
12356,1
2875,3
7295,4
4158,1
7606,2
13527,4
826,1
6752,1
1898,2
3294,1
8568,2
919,2
12480,2
34,3
4276,4
2395,3
10599,3
2434,1
9517,3
9383,4
7376,3
12452,4
6617,4
10571,1
605,4
12671,4
8664,4
2372,1
8019,3
6037,4
13328,1
4063,1
9792,1
5323,1
11754,1
12035,2
4822,4
12091,2
5284,2
2664,1
10792,4
11155,4
1873,1
12171,2
13222,2
1607,1
12603,2
10696,4
11382,4
6564,1
1204,3
13380,2
10113,1
6214,2
2946,4
3676,3
13033,2
2873,4
9512,2
9518,4
2419,1
11995,1
13768,4
7349,4
13659,4
9466,1
1956,1
13279,1
6080,2
5636,3
13835,1
7517,1
12759,1
6439,1
9108,1
11948,2
12836,2
9412,3
11258,1
11250,1
2656,3
10146,4
12562,1
489,1
10508,2
541,2
8831,2
10710,1
6022,2
9030,1
4953,4
2591,1
1877,1
13596,4
4145,1
12978,2
13126,2
13505,1
3363,1
10966,2
1139,3
5741,1
349,4
12839,3
12123,4
1634,1
3656,3
4722,3
154,3
3835,2
5361,1
4686,2
3044,2
4830,2
12124,1
12499,1
6832,1
1405,2
6154,4
1052,3
1577,3
5904,1
4586,1
13244,2
12623,1
12264,4
12731,1
7973,1
447,2
5894,4
6726,1
8707,2
11362,4
6948,4
174,3
9460,2
8040,4
10748,1
2504,2
14000,2
6437,1
12113,4
5609,1
9088,1
13827,1
12362,4
4024,4
5697,4
8451,4
9242,2
3970,2
57,1
7358,4
13961,1
5773,1
13311,2
12385,1
768,2
2208,1
6094,4
10781,3
6971,2
8404,2
3980,2
13815,1
1123,3
1156,3
12520,1
10036,2
4924,4
6123,4
8454,2
6839,1
11818,3
2011,1
7402,3
11801,1
6599,4
2645,1
1721,4
1829,2
10261,1
2131,4
2581,1
13543,4
8096,1
7056,3
5968,4
1030,4
12622,1
2264,2
2885,4
1380,4
3824,4
5780,1
13318,1
2483,4
2535,4
4141,1
10250,4
11433,4
13577,1
3855,1
8381,1
1152,1
12532,4
2665,1
9507,2
2080,2
11023,1
3238,1
2690,4
5131,1
10583,1
7074,1
675,1
8555,1
2895,1
13195,1
13023,3
5241,1
3095,1
8030,3
11360,1
9179,4
7203,4
4904,1
11825,3
5445,1
2086,3
6970,1
9019,3
4827,3
4829,4
10570,1
6674,4
10630,3
1902,1
11366,3
4073,1
4049,2
1984,1
5510,1
6818,1
2454,2
7272,3
2362,2
4800,4
10125,2
13942,4
12490,1
9165,1
2723,3
7109,2
13904,2
2928,1
2320,4
11393,2
7534,2
187,4
5858,3
4566,1
11525,1
5380,1
9674,4
10638,4
13668,3
13683,2
12578,2
5353,1
3962,2
9440,2
9005,1
6353,1
3277,4
6539,3
7686,3
4748,1
10468,3
7310,4
1463,1
9448,4
13275,1
7519,1
8868,1
6831,2
6358,1
4645,1
3387,2
9117,1
8126,2
14090,4
4381,4
1117,2
8014,1
5092,1
9903,1
11177,4
2978,3
1019,1
5580,4
10835,1
9160,4
6256,4
12303,1
7066,1
1699,2
1095,1
2277,4
3413,4
8885,3
706,2
3251,4
10164,3
3579,2
9329,1
4472,1
3873,4
3288,4
11191,4
13500,1
9685,1
5560,2
8617,4
5543,1
3368,1
1227,1
10502,2
13630,1
13672,3
12827,4
10997,1
1200,2
12828,4
7341,2
4111,4
13573,1
13282,2
5266,1
13333,3
11542,1
9255,1
6577,1
7464,1
8241,2
6753,4
4857,1
6699,2
8564,4
5286,4
4451,4
3224,1
2368,3
12106,1
6073,1
3831,3
2240,1
1051,3
10337,1
1797,1
6892,1
1937,2
10574,1
10413,3
5243,2
5011,4
13913,4
12114,1
10788,4
6856,1
5141,4
4627,1
4327,1
8054,4
466,2
7676,3
1561,2
8445,1
4921,1
8263,2
646,4
10005,1
12851,3
11834,4
1820,4
6744,4
5679,4
12012,4
4763,1
5688,4
7581,1
6815,3
11121,1
13044,1
6689,2
2166,1
4561,1
406,3
12830,1
8246,2
12055,4
4374,3
4339,1
4420,4
2106,2
10326,1
13633,2
6988,4
9024,1
6349,1
7532,1
3443,4
11291,2
10650,3
9682,1
5685,1
6503,1
6686,1
2490,4
7657,1
4622,4
13540,1
6642,1
13469,1
2736,3
11403,1
5112,1
10117,4
3577,1
6882,4
10317,1
1372,1
3883,1
13608,2
8746,2
3929,1
11507,4
1124,2
13850,1
9299,2
9286,2
6075,3
1777,3
462,1
1198,3
12574,3
403,1
7422,2
13242,4
951,1
11963,1
4826,4
2977,4
7269,2
6144,1
9351,3
3337,1
6720,4
2717,2
5897,1
13418,1
7419,3
5055,2
12973,2
8668,2
4044,2
9361,1
7955,3
7174,1
9771,4
13289,1
6673,1
10507,4
2243,1
7986,1
8613,1
10947,4
14095,1
11010,1
5971,2
2670,1
11224,2
4708,4
13291,1
1744,2
8138,1
7609,1
1927,2
1608,4
11909,1
12842,2
73,1
12687,2
10056,1
4721,1
5201,1
11520,2
7618,1
8605,4
4336,1
13004,1
13155,1
1622,4
2880,1
11364,1
4940,3
10768,1
10365,4
3642,4
5956,2
13215,1
5303,1
9126,2
13832,1
13731,2
5425,1
8870,4
127,1
376,3
11559,4
5412,1
8983,1
6324,4
9669,4
12378,1
12315,3
9521,1
11356,1
8079,1
11432,4
12468,2
14087,4
3241,1
13593,1
8645,1
5385,3
10459,1
4382,2
1767,2
4594,2
11319,2
7902,1
6395,1
3972,1
5577,1
13238,1
1110,1
8738,1
12581,3
12980,1
3917,3
4646,2
2595,4
10235,4
1529,4
9388,4
3956,1
9485,1
3056,4
13059,4
10482,1
11571,3
6963,2
7854,2
13379,2
12739,1
11062,3
9529,1
2513,2
10708,2
6186,1
2851,1
6263,3
13729,1
4069,2
8784,2
10516,2
1162,2
1068,1
10016,1
8153,4
12109,1
11607,1
7271,3
8533,1
12594,1
10602,4
9326,2
6375,2
8485,1
1002,1
8170,1
6423,4
4575,4
11452,2
13730,1
5873,4
13323,1
6196,2
1786,4
9451,2
10974,1
11966,4
6766,1
12584,1
4391,1
6669,4
7098,1
1071,1
11782,2
347,1
8651,1
6929,1
8483,1
5235,4
2066,2
9252,4
5642,3
10438,2
144,1
1425,4
6339,1
11330,1
6232,4
4228,2
11541,2
1683,1
4165,4
7994,3
6931,2
8159,4
135,4
13143,1
91,4
4029,1
14097,1
6946,1
10063,1
5023,2
12604,1
7981,1
1415,1
233,1
10855,1
2520,2
3484,4
9717,4
5482,4
12864,1
8822,1
12130,4
5594,1
9046,1
6800,1
7369,1
5683,1
2847,2
11596,1
11671,3
1922,2
4078,4
3085,4
13392,4
6926,2
1674,2
420,1
5087,2
6181,3
12533,1
1292,1
12368,2
4230,1
11562,1
12790,1
4201,2
179,1
9322,2
9723,1
12637,1
4725,4
8155,3
11448,4
4496,2
14062,1
803,1
7778,1
7841,2
5512,1
5555,1
10963,1
13958,4
14044,1
8333,3
2310,2
9004,4
3766,3
1304,1
8797,3
2213,1
10215,4
2147,2
5838,4
70,4
2281,1
9293,1
12849,3
3326,1
4290,2
12494,2
8435,1
5928,2
166,1
9127,1
10881,4
3683,2
11680,2
481,2
10157,1
6612,4
10283,2
6493,1
5757,1
10425,2
7656,1
13537,2
845,2
4392,1
6341,2
7228,1
5670,1
7639,1
13795,4
6481,1
12966,2
9034,1
9917,2
3516,4
2567,1
10176,2
10850,4
987,2
6651,3
7121,1
553,2
6234,4
484,1
228,1
3836,3
6985,2
14076,1
6776,1
8658,2
13421,2
3794,4
1154,4
1,4
10430,1
13237,3
7741,2
8473,2
756,3
9463,1
4400,1
5062,4
2101,2
5070,1
11634,1
12655,1
11601,1
13940,2
1734,1
13674,1
537,1
2764,4
9170,3
2455,1
2422,1
10357,4
6007,1
6160,1
4842,1
4644,1
13089,1
26,1
11889,3
5951,4
5650,1
3218,2
12046,4
6528,1
10269,1
11564,4
9776,1
3297,2
8843,1
1565,1
9794,2
11409,4
12729,1
6693,1
4862,4
5355,2
13312,2
10473,1
6400,1
1849,1
6406,1
7803,1
10896,4
470,3
4753,1
7794,1
6051,1
13332,1
677,2
12342,2
1978,1
72,3
7694,4
13075,1
12183,2
10777,1
8210,2
12019,1
8685,4
2725,2
10941,4
12050,3
5375,1
7707,1
886,4
7177,1
12437,1
9194,1
8161,1
13104,1
12068,2
10384,1
12782,1
7729,1
3278,4
13549,3
7727,1
6670,1
6142,4
901,1
2739,2
360,3
440,4
8282,2
7054,3
12156,4
9859,1
12625,4
6487,4
3578,2
13135,3
4261,1
4436,2
927,1
13753,4
7852,1
7756,2
5811,1
538,2
10826,1
9086,1
1596,1
4723,4
2886,4
6677,2
8842,4
167,2
7257,2
2858,1
12602,4
13784,2
12856,3
7391,1
5084,4
5400,2
2406,1
7775,1
4850,1
6424,1
6472,1
2410,2
2415,4
9635,1
13529,1
7041,4
11930,3
13706,2
4655,2
4855,1
10937,3
8897,1
9266,2
10397,2
4130,3
9496,2
2629,1
12712,1
11806,3
745,1
758,3
2143,4
7632,1
954,2
7611,4
12026,1
2990,4
577,3
9486,3
8042,2
5035,2
1830,3
1960,3
11020,1
9429,4
12506,4
1500,1
6805,2
9701,1
4811,2
6759,2
3767,2
9077,4
8452,4
4911,4
4366,2
11628,4
118,1
3792,2
13518,1
10303,1
527,1
4273,4
12998,2
13334,2
3830,1
1393,2
10298,1
4537,2
9756,1
12500,3
11472,1
13066,4
3543,2
4124,2
6771,1
551,1
8163,4
643,4
1526,1
6225,1
5632,1
9676,1
10257,2
5615,1
1871,3
3531,1
5057,3
1128,1
581,2
11824,1
3654,1
6610,3
10901,1
8444,1
981,2
6843,4
8303,2
744,1
3388,2
12270,4
3136,1
8606,2
1732,4
8332,4
2248,1
11835,2
7408,4
12101,3
10009,3
6372,2
6293,3
11021,1
7125,1
7482,1
7774,2
7888,1
6136,3
2874,2
1439,2
3664,4
6043,2
9069,1
7417,2
6331,1
7238,1
5591,4
8753,4
13949,2
9195,4
13998,2
1551,4
8136,2
9119,4
4419,1
8669,4
11013,1
2537,1
9893,1
13251,4
1746,1
7462,1
11506,1
13849,4
3020,1
10454,2
9041,2
3487,1
1411,1
9022,1
2108,3
453,2
11458,4
10331,1
11249,3
3908,4
5972,1
9090,1
8969,3
10674,4
10205,2
11236,1
257,1
600,2
3197,1
4464,4
1491,1
8745,4
11579,3
1914,1
4338,1
12866,4
1257,2
13519,2
6209,1
13969,4
8005,4
5175,1
12540,4
11100,1
13579,1
2954,3
9830,3
8317,1
6180,4
12788,1
2381,2
7900,1
4796,3
13018,2
4418,2
4519,3
11979,1
11915,4
7861,1
2756,3
11772,1
5234,3
11872,2
12240,1
11936,3
6598,1
8076,3
11242,1
5403,1
11195,4
9695,1
8116,1
13660,3
10295,3
10483,1
11573,1
12956,2
10140,1
5437,4
7804,3
9632,2
6978,2
4279,4
5680,1
10275,2
6878,1
12093,3
5511,1
1738,4
9573,1
5054,4
11911,4
3160,4
11159,1
7474,1
9006,1
11111,1
4649,1
1413,1
8789,1
12477,4
11943,3
6638,1
11864,4
8815,1
11881,4
12576,2
3489,1
13922,2
12846,2
9318,1
1707,1
7372,1
10129,1
6134,2
8902,4
13203,4
11498,2
4887,1
12811,4
1272,1
8721,1
11151,1
6139,2
3468,1
2172,1
11450,4
14026,3
9308,1
7319,2
10526,4
178,2
12741,1
8641,4
13568,1
9109,3
1248,1
5997,1
5895,1
7293,3
5500,4
10827,4
1496,4
6897,2
3345,1
6327,1
12867,1
8117,1
1631,1
4372,1
7296,1
10147,4
4942,4
2848,2
3996,3
310,1
2195,1
8375,1
9604,2
1668,1
13698,2
2235,1
490,2
5239,1
5229,2
234,2
1752,1
3529,1
8589,4
3971,1
10100,2
2237,1
13622,4
2457,4
8287,2
13257,2
7926,1
7595,4
10959,4
6311,4
8066,1
1859,2
12401,1
177,4
13458,3
11462,1
9341,1
7025,1
11428,2
12764,1
4504,1
2496,1
6500,4
383,4
3177,1
2168,1
13508,1
1315,4
6885,4
2767,1
3012,1
7889,4
2667,3
14039,1
785,2
10659,1
12284,4
10596,4
7736,1
11067,3
6656,1
9559,3
6270,1
367,4
13111,2
1363,4
5726,2
10914,2
3820,4
7007,1
4958,1
10346,1
2459,2
1967,4
11414,2
12795,1
1537,1
6089,1
6100,2
5691,1
10223,1
12599,1
11281,2
7786,2
5433,1
9942,2
2491,2
10989,2
23,1
2649,1
3815,1
5539,3
5887,1
6185,1
6337,2
9666,1
5091,4
1566,1
5833,4
13545,4
2853,1
8324,4
12862,1
7638,1
3454,1
7526,4
9844,1
9407,1
816,1
5120,4
4243,2
3045,4
839,1
7123,4
898,1
13613,4
1612,4
13119,4
2981,2
8061,2
12537,3
10780,4
8033,2
183,1
12111,1
6103,1
12302,4
3784,3
5135,3
8711,3
3884,4
8914,2
2882,1
8901,2
5497,1
10622,2
2321,2
6997,1
4943,1
2986,1
437,1
13027,4
13227,2
7701,1
7506,1
13487,3
7673,2
7304,1
1930,1
3655,4
10794,1
4190,3
10702,4
5978,1
378,1
7951,4
8371,3
2399,4
1915,2
14022,4
5333,1
2190,1
8996,2
12854,1
2125,2
1318,3
7459,1
9725,4
1451,4
1770,1
11182,1
11544,4
6521,3
12023,1
6629,2
6853,1
89,4
9348,1
13001,2
11676,4
10538,2
7354,1
13348,1
10188,1
5095,3
11092,1
8931,1
1671,1
5369,1
11712,4
13692,3
3665,4
859,4
8072,1
199,1
9209,1
7068,1
13897,1
8565,1
5312,1
9861,4
7575,2
4426,2
1948,1
6247,1
8095,1
2898,1
1582,1
3108,2
9159,1
271,3
8672,3
14016,2
4683,1
4431,2
9982,1
12855,1
7670,2
11416,4
10993,2
6706,4
5903,1
8958,3
8821,1
3011,2
12467,1
13640,2
9952,1
10692,2
5449,2
3126,4
422,1
6560,2
8193,1
2049,1
4743,2
1210,1
6248,4
10908,1
1039,4
7879,2
6907,1
12977,4
13185,2
7499,2
12429,4
12138,4
3968,3
3614,1
12585,1
11343,1
7752,1
1202,4
6662,4
12505,4
219,3
10290,4
4136,1
3340,4
4744,2
10123,2
12476,1
12896,4
13410,1
9988,4
5124,4
204,1
12218,4
6401,4
209,4
10457,1
10496,4
11215,1
2859,1
4754,2
4771,2
10783,1
2179,2
6127,1
12200,2
11446,1
6421,1
161,1
10292,4
2505,1
1138,1
10932,1
11731,2
5760,1
2380,1
3127,1
8765,2
9592,1
5884,1
4580,1
12736,1
1331,4
175,3
10871,3
10528,4
6197,1
7016,1
5582,4
5995,3
12181,1
8820,4
2393,4
11153,1
13074,2
843,3
6233,3
12541,4
9848,4
2201,1
13892,1
4356,2
13339,1
7433,1
3206,2
8715,1
3940,4
1754,1
9675,4
4229,4
9123,2
3078,2
5750,1
13594,4
3936,1
7769,1
4873,1
10135,2
3785,1
2578,1
1892,2
11853,1
12222,2
8173,2
7171,1
7416,4
11547,1
3452,2
10035,4
2559,4
9494,3
12433,4
2444,1
5459,1
109,3
3848,2
3998,1
13316,4
9907,2
8893,1
6551,3
8325,1
3058,4
13403,1
8145,1
146,4
2451,4
3736,2
613,1
952,1
5503,2
1066,2
940,1
3560,1
11511,4
11253,1
6495,3
2006,1
5635,1
8798,1
2369,1
1640,4
1816,1
9538,1
7649,4
6151,3
3339,4
1197,3
1701,1
3335,2
8432,3
7685,2
5544,4
13675,1
4738,1
13787,2
9710,4
12628,4
847,4
7337,1
10062,2
7666,2
4994,1
3510,2
5723,2
12515,1
798,2
10076,2
12184,3
208,4
8736,2
6732,4
7977,2
11326,1
5498,4
4074,4
6857,4
13759,3
3732,3
2366,2
8172,2
3140,4
4617,2
5040,4
35,1
1764,1
6296,1
8330,2
10301,3
6305,1
5820,2
10447,1
117,2
4933,1
6060,4
8743,4
13611,1
11991,4
2429,2
5748,4
13070,2
1723,1
10704,2
8078,4
8623,2
6683,3
13474,1
11830,3
6108,4
4227,4
3123,1
3922,2
9852,1
1580,3
10553,2
13100,1
200,1
9739,1
8308,4
6239,1
6936,2
13351,2
7321,1
10880,4
2926,3
13900,4
5127,1
5256,4
664,3
11,4
6836,1
2814,1
12009,4
11518,4
6747,2
13137,2
13720,1
6881,2
6320,1
3669,1
3117,1
7489,2
10322,1
6342,4
1029,1
9075,1
12769,1
3274,2
4406,2
93,2
11682,1
9071,4
9017,1
2432,3
3772,1
7929,1
3802,3
1239,1
2529,4
7352,1
9431,1
9782,2
12361,4
3885,4
11211,2
3441,1
1785,3
11537,1
1512,2
12096,1
10556,4
12660,2
736,4
1749,2
13993,2
1933,3
782,1
6272,1
12133,2
10325,2
13221,1
6685,4
8122,1
10723,4
11975,1
12028,3
8988,4
3002,4
10565,4
13103,4
3988,2
4142,4
10643,4
13250,2
1581,4
6226,3
1969,4
10239,4
5185,1
807,1
1284,1
1102,1
9196,1
10477,1
10327,1
11989,1
5804,1
84,1
10270,4
5562,4
13184,3
3586,1
5413,1
8218,2
3538,4
12112,1
7996,4
309,1
1306,4
3026,1
3999,1
9788,1
6737,1
2132,1
7798,1
11244,3
11314,1
2387,1
8875,4
3333,3
9880,1
5924,1
11402,2
7730,4
2099,1
2586,4
10946,2
13213,1
13717,2
13590,1
3768,1
12722,1
7507,2
6923,2
6371,1
5950,1
12420,1
5101,2
11693,1
3595,1
13569,1
8647,4
2841,4
2439,1
784,1
8230,1
1923,2
14089,1
1650,2
7070,1
9618,1
8222,4
7829,4
12791,4
11076,4
9577,2
2077,1
60,1
3384,1
13760,4
6594,2
3555,2
6279,4
10727,1
2942,1
7667,3
7389,2
4349,4
13932,2
9742,1
4376,4
1221,1
6322,2
4427,2
4546,1
11748,4
125,1
5152,3
10204,4
2624,2
8653,4
7706,2
13397,3
3899,1
10481,4
12373,2
7731,2
4283,2
6283,1
5024,1
6145,4
10866,2
2286,3
9217,4
1135,2
7207,2
10220,1
8394,1
4540,3
12276,4
11971,4
3295,2
8922,1
6520,4
6765,1
10918,3
10725,4
9180,1
7796,1
2270,4
5946,1
806,1
11353,1
2492,3
12641,1
3959,2
5672,1
7153,4
8628,4
4879,2
11026,3
9450,2
12058,1
9048,4
12282,1
6267,2
9106,2
12908,1
9447,4
8615,3
9892,1
5272,2
1534,2
5267,2
13245,3
9579,4
9504,4
8178,4
5277,4
33,4
8274,4
4993,3
5186,4
6074,4
1432,4
2713,1
293,3
12514,1
12278,1
2626,3
904,1
3991,4
10751,3
13686,3
4539,4
9154,1
9014,2
169,3
6531,3
11791,4
6390,4
13341,4
6459,1
9931,1
6796,2
220,3
1187,1
4104,4
3969,4
8828,3
1524,4
2025,1
10110,1
3807,4
1328,1
9843,3
12756,4
8284,1
786,2
3822,1
10837,2
4010,2
2999,2
7716,2
10418,4
3871,4
11080,4
5856,2
11131,1
5964,2
6189,4
2378,3
6347,1
6242,3
43,1
12292,3
5468,1
9558,2
2020,3
1611,4
13459,3
906,1
4992,4
1208,4
12365,4
12688,2
7404,3
7504,2
4280,4
13031,1
3777,1
7648,3
5426,1
4396,1
10006,3
4047,1
2124,2
12971,3
12386,1
9470,3
2734,2
6615,1
7991,4
13584,2
412,2
10349,4
4619,3
6111,1
2908,1
11666,2
5179,2
12767,1
11589,1
5453,1
2856,4
6680,2
294,2
5622,1
8217,3
3470,1
14091,1
10523,1
3204,1
1074,1
14052,1
13243,1
3671,3
10456,2
8351,1
9278,3
6797,1
9765,1
1642,4
13398,3
11135,4
329,1
4888,4
11136,3
6056,1
3428,1
4333,2
157,4
6804,4
8110,1
3319,1
12391,4
3524,1
8211,1
8259,2
6590,4
6125,4
3645,1
12547,4
8436,3
3647,1
11193,2
10953,4
13495,1
8206,1
13489,1
14035,4
5098,1
13232,4
6041,1
10546,1
9606,1
9834,1
7445,3
11759,1
12640,4
11346,1
3627,4
2503,2
8212,1
12668,2
4828,2
9409,3
2822,1
7898,2
1027,1
6352,1
10366,2
2306,2
5342,1
6129,2
1022,4
5196,1
12462,1
13485,3
4563,3
1850,3
6088,1
11466,1
12757,4
12011,1
1356,1
5407,2
12092,2
137,1
13008,1
11491,1
9946,1
5259,4
13615,3
11185,3
2088,4
1400,1
7554,2
2818,3
9555,4
11815,1
2688,2
65,4
1388,3
8684,3
3146,3
162,1
10957,1
1026,4
2833,2
11961,4
11814,1
4851,2
5793,1
13997,1
9410,4
6855,1
303,4
315,1
12384,2
8960,1
13186,1
6579,3
4651,4
11267,2
12566,4
6992,1
763,3
4120,1
8530,2
2876,1
3114,2
5531,1
12487,4
5879,2
1686,3
2196,1
13192,3
5639,1
12436,1
8124,2
7823,1
1347,3
12965,3
2659,3
12754,2
11800,2
10462,1
12711,4
1838,4
7865,3
11304,3
4387,1
10335,1
10285,4
11820,1
5947,1
8411,1
6507,1
12405,4
9515,3
7690,1
11617,2
1645,2
1541,3
6530,4
1762,4
8018,1
11286,2
11651,1
7447,2
2382,1
7245,1
5556,2
1325,4
2932,1
3562,1
4825,4
8582,1
6911,1
7623,1
13604,1
9084,1
3574,1
1178,1
7155,4
2893,2
2450,1
9403,4
11005,1
12511,3
356,1
13834,4
3106,4
6146,2
7873,2
5870,1
2215,4
12645,2
10078,4
7287,2
746,1
4545,4
10398,4
3648,2
13324,1
6989,1
1437,1
4102,4
2987,1
13884,4
12466,1
10302,1
6254,1
2832,2
7303,3
6228,4
9189,2
12503,4
11614,4
13645,1
11667,1
4570,1
4716,1
4841,4
3163,3
6393,1
10226,2
6841,1
2887,4
6877,3
1263,4
1133,4
4758,1
493,4
3101,4
4031,2
13602,1
5864,4
7922,4
10293,3
4607,2
11475,1
13818,4
10609,4
8680,1
1007,2
1488,1
1275,2
13343,1
1093,1
3498,3
995,2
4122,2
6584,2
10862,2
4411,1
11321,1
6819,2
5802,2
5595,1
11892,2
1769,1
517,4
9244,1
3055,2
11003,1
888,2
974,1
3540,2
3870,4
5358,2
459,4
6334,4
3139,2
13383,2
7616,1
9829,1
5208,4
1418,4
5535,1
5090,1
13231,4
13236,1
3776,1
9945,1
7481,2
6558,2
11764,1
7631,1
6782,3
8933,1
7512,1
13443,1
6251,2
12382,2
9657,1
10403,4
9256,2
2325,4
6538,1
964,2
7630,2
4434,2
1527,3
5899,1
8558,4
9730,3
5074,4
1714,1
8951,4
4334,2
4477,1
13962,1
6636,4
2917,1
10808,4
8463,4
7090,1
7236,2
1779,1
10536,3
4584,2
5671,1
9840,3
1682,3
11845,2
13194,3
1285,2
13132,4
11399,4
4183,1
12122,1
8191,2
11012,1
1183,4
2527,1
3426,3
9133,1
11017,2
6573,1
3600,1
3305,1
6207,1
12565,4
6188,2
8654,3
8588,1
4146,2
4253,2
11426,3
4764,1
398,2
6906,2
9957,2
1461,2
4847,4
2188,1
3232,1
6290,1
2112,2
5509,1
11528,1
9277,2
2184,1
10495,1
7726,1
13915,1
4462,2
3130,1
8731,4
5776,1
8854,1
10685,3
12819,1
9709,4
7061,1
1175,3
3849,4
4363,1
3223,1
4590,2
14020,3
7570,2
6972,3
1310,2
1028,3
10134,2
4696,4
570,4
1502,4
5283,3
6786,2
9309,3
7907,1
12577,2
1553,1
14033,1
5221,3
9511,4
3103,3
2165,1
6546,1
290,1
4285,1
11086,4
6496,2
2828,1
11464,2
10086,4
1014,4
4296,2
3317,1
687,1
3138,4
7044,1
1875,4
5002,1
12679,1
2786,1
10070,3
10234,3
11027,2
8007,2
13172,4
13567,1
8883,3
6133,4
12193,1
10975,2
11285,1
6114,4
11813,2
2715,1
143,4
3754,2
4894,4
11863,4
10085,4
9426,2
225,2
2304,2
4001,1
934,4
5695,1
11380,2
9124,4
6017,2
1533,2
8679,1
6435,4
6096,1
13441,1
8934,3
7746,4
126,1
4483,1
6360,3
10022,4
12248,4
924,4
12897,2
6362,4
12318,4
5761,1
4445,4
2562,2
6915,3
13067,4
9866,4
2349,3
249,2
4843,3
11088,2
7491,1
7332,1
9964,2
10023,1
1369,4
7133,2
13658,4
3508,4
13187,1
7457,1
7621,3
13597,3
4256,2
8387,4
11884,1
12029,1
907,2
7947,1
1517,1
3705,2
3506,2
8785,4
13290,2
3805,1
9738,1
8596,3
1706,4
10582,2
9705,4
11639,1
3115,1
973,1
10938,1
13895,2
4896,1
7097,1
12787,1
12428,1
7475,4
1999,4
6451,1
7877,3
13157,3
7192,3
11456,1
4245,2
990,1
3841,2
2983,4
4055,1
12903,1
9357,2
13634,4
1459,1
3081,1
12889,2
8497,1
10339,4
6925,3
40,1
14009,1
2826,1
1623,4
1575,1
9059,2
11279,2
1464,1
14019,1
5806,4
2133,1
8335,2
8556,1
2857,2
2849,3
4225,4
1827,4
4105,1
2040,2
108,1
11119,1
1433,1
7382,1
4569,4
9778,1
9546,1
5689,4
1358,3
725,1
5782,1
6729,2
12137,1
7183,1
5877,4
10501,2
4608,1
391,1
10161,1
5137,1
13299,2
3889,1
3192,1
6203,1
1727,4
5338,4
2253,2
3211,4
12225,2
12489,4
8660,4
11227,1
7055,4
3448,2
192,4
8373,1
5123,4
8837,1
8025,1
13428,2
2386,1
10741,1
3554,4
6128,1
4236,1
5989,2
1735,1
6169,3
9581,2
9365,2
8916,2
4859,4
12262,2
5336,1
11116,4
12001,1
10576,4
9167,2
11378,3
13625,1
8140,1
12695,2
6692,1
12449,4
6825,1
3287,1
8207,1
7704,1
13440,1
13650,1
11024,3
11065,3
6991,3
2966,1
8010,4
2863,2
10991,1
3233,2
7740,4
5665,1
6635,2
3063,1
11851,4
10073,1
4154,1
5255,2
10663,4
6562,2
2871,2
10383,1
3347,4
8168,2
13588,4
13402,4
5420,1
9956,2
10246,1
11148,4
2431,2
8262,4
3086,1
1233,4
10388,1
7933,3
13746,4
7768,1
9056,4
1100,4
5581,3
2494,2
5542,3
8534,3
5558,2
8659,3
11587,1
2463,4
1879,1
11132,2
11363,3
8989,2
4016,4
3837,1
13497,2
9327,2
585,3
6653,4
11862,2
5837,2
8790,4
892,4
3698,1
7096,2
12968,2
10935,2
4766,4
6515,2
5965,3
2646,2
2902,4
8999,4
1986,4
2442,1
1719,2
2214,4
8257,4
1378,4
5900,4
13700,4
10597,1
561,3
13292,1
9605,2
4065,1
4143,1
7533,2
12472,4
5320,1
141,1
1989,3
11008,1
12939,1
13337,2
111,3
6632,2
6792,2
10913,1
8954,4
9146,3
12927,1
11700,2
7510,1
891,1
1980,3
7700,3
4659,1
13146,1
6828,4
6107,3
11094,2
9724,2
2968,1
12032,1
8531,1
1073,1
4196,2
12529,2
3539,4
4615,4
3903,1
6605,4
633,4
10172,4
9965,1
10642,1
10044,1
1278,1
7539,1
12105,2
361,4
62,3
9297,1
8135,1
3096,1
10120,1
12145,1
6282,1
1195,2
4908,1
8302,1
884,1
10328,3
12888,3
10551,3
2704,3
13612,4
7960,2
8939,3
7710,4
13206,2
7816,2
9152,1
6986,4
1572,1
6944,3
12332,1
4000,1
6773,2
6762,4
10450,1
2979,2
2980,1
3285,1
4932,3
5260,1
13846,2
12609,1
11916,3
11381,4
5443,2
5216,1
1291,3
865,1
6427,2
5775,4
11252,1
1813,2
10530,3
9712,2
5452,1
5417,4
3463,4
4168,1
639,1
3690,4
507,3
9565,2
5346,1
8067,4
10882,4
8108,1
3791,4
6945,4
6645,1
2268,4
2167,3
2322,2
12036,1
3153,1
983,1
7380,1
6021,1
4401,4
8137,2
3185,1
13978,4
11261,2
11143,1
2146,1
979,3
11888,1
1098,2
1416,2
2644,1
2076,1
7600,4
3504,2
13491,2
9141,2
10104,1
11014,1
7789,1
2478,4
1057,1
13125,1
7743,1
11912,2
3119,2
4326,1
6647,2
6455,1
4907,3
8027,4
5693,1
2973,1
3581,4
6018,2
13122,2
13617,2
8382,3
11534,2
1747,1
74,2
3973,2
5335,1
11691,3
834,2
12448,4
3598,1
3535,1
12656,4
5132,2
5077,1
1035,2
441,3
12707,1
9913,1
6009,4
5592,2
5742,2
4288,2
13468,3
6183,2
8252,1
6761,1
7430,4
1032,1
9833,1
6711,4
2402,4
2867,1
576,1
1468,1
3015,1
4694,2
3507,1
528,4
6664,1
4050,1
896,1
10001,1
9101,1
1535,4
13105,1
6938,3
11900,1
5072,1
7500,2
10626,3
2035,1
8214,1
12146,1
226,4
9761,2
230,2
1708,1
9698,2
5983,4
5354,1
8845,1
6791,4
222,4
13460,1
2295,3
6410,4
6780,3
6471,2
10742,3
11551,1
693,1
5063,2
6055,1
12976,2
3050,1
7738,3
1009,2
11173,2
7347,2
5181,1
9078,1
8111,2
11625,1
9688,2
2568,4
6611,4
5957,3
2748,2
12632,4
13297,1
2260,2
6721,2
12423,2
12720,1
8197,2
4461,1
6690,2
8041,1
13557,4
3667,3
4576,1
5602,1
11558,1
10893,4
6032,4
6033,2
68,2
3455,1
2474,1
4549,4
10310,2
10116,2
11031,1
186,1
8390,1
8612,4
11297,1
4441,1
8298,4
10305,4
9552,1
4579,2
5082,1
6061,1
3557,1
13283,4
1048,2
13178,2
9012,4
7644,1
11004,4
7964,1
6276,3
13138,1
9994,1
2055,1
7949,3
5754,2
10408,1
10612,2
9414,1
9172,1
1008,1
158,4
1217,4
3546,1
6865,4
11990,3
12119,1
3157,1
13510,3
13968,3
12065,2
7249,3
1386,4
2488,3
727,4
4785,1
1824,1
13888,4
4982,1
4433,2
7154,1
9066,1
2943,4
3064,4
7629,4
1556,4
13970,1
3502,1
5150,1
603,2
8181,1
11746,4
11769,1
8788,2
809,3
11996,1
6343,1
11002,1
12646,1
5332,2
13158,1
2779,4
7792,1
8251,3
3624,4
4957,2
5013,4
3083,2
12484,4
2746,4
12718,3
6045,1
8514,4
13393,2
7919,2
5662,4
1521,4
10834,1
11162,1
8403,1
11257,1
10709,1
2220,4
9653,1
12254,4
10324,1
6049,1
13941,1
13263,1
6130,1
9912,1
6170,1
5787,1
6433,1
3760,4
82,3
905,2
7048,4
4257,2
9380,1
10695,4
10353,1
8032,4
4991,4
485,3
6281,1
13522,1
5036,4
8000,3
5252,4
1949,1
1835,1
13412,4
13646,1
6365,3
5422,1
5240,3
13747,1
8260,2
965,4
1615,1
14017,2
828,2
8016,2
12176,1
12439,2
9276,2
3089,1
11760,1
8250,1
827,1
6659,3
12350,1
9791,1
2944,1
8391,2
2316,2
5021,4
9490,1
6359,1
5945,2
12644,1
6924,1
6565,1
8195,2
9396,1
699,1
10922,1
2367,3
4727,2
3246,2
6811,2
3503,2
9911,1
5296,2
2584,2
6243,1
13020,2
3142,4
9659,4
4834,4
5053,1
1321,1
3761,4
3632,1
6417,1
9368,2
12201,4
9156,3
11407,3
10703,1
6745,1
351,2
4117,2
12558,4
10074,1
5345,1
4948,4
11987,2
7383,2
3079,4
11154,1
9937,2
5705,4
12153,1
8749,2
6949,2
11942,1
3879,1
12691,2
11163,1
4931,1
11460,4
13906,2
10031,2
12483,4
5937,1
2517,1
3984,1
10655,1
2601,2
7176,2
10645,1
1548,2
8154,4
568,1
2843,1
11914,4
11739,1
1614,1
12323,1
8354,1
7966,4
7248,4
3939,1
10195,1
7576,4
7772,4
2763,1
7985,1
12664,2
245,2
5114,4
13943,1
10079,1
11890,2
5735,1
13200,2
6158,2
7931,1
9397,4
263,4
12666,4
3261,4
12208,1
7583,4
9257,4
4448,3
10380,3
3279,1
11457,1
4976,3
8522,4
1367,1
11902,4
4988,1
5045,2
671,1
4521,1
8243,2
10391,3
11548,1
6394,1
2728,4
10888,2
6627,1
8747,2
9171,1
13225,1
4591,2
13806,4
11749,1
5,1
6388,2
5502,2
3495,1
354,2
6722,1
7159,3
11556,1
10052,1
5430,4
3354,1
9503,1
13345,3
4095,1
10315,3
1079,3
11156,4
3414,2
7536,4
7434,1
9704,1
14034,1
9787,3
9871,4
7290,4
1477,2
13952,1
10265,4
10308,3
9193,3
11810,1
12082,1
5538,3
1653,1
5842,4
4085,2
8001,4
78,4
13536,4
4207,4
2920,3
3657,1
3183,2
9570,4
11196,3
4928,1
9347,1
3907,1
5925,1
12051,2
12283,4
8993,1
12253,1
10504,1
12157,3
4533,1
3208,2
2068,4
698,1
9692,1
5955,1
14038,1
2699,1
2884,2
2096,1
4479,2
11968,3
11113,3
7073,1
4471,2
9473,2
1382,1
11649,4
4429,1
11025,2
10382,4
13387,4
11738,2
10040,1
5999,4
10605,2
11531,4
2558,4
12070,4
4298,3
2079,1
3811,4
362,3
1970,1
1588,4
285,1
5926,4
8560,1
7791,2
3124,4
6013,2
10314,1
6886,2
10452,4
11629,4
4132,3
10291,2
4140,3
2105,2
519,1
10744,3
12344,2
5411,1
4737,1
5571,1
4889,1
9684,4
9492,2
4212,1
11523,1
10444,1
2452,4
10282,4
9192,2
2772,1
9901,1
4344,2
1913,1
7588,1
3519,1
8580,2
12794,4
13708,2
3462,4
616,1
5600,4
10858,4
5483,1
13609,4
4247,1
8237,2
7164,1
5228,3
9393,1
1443,2
6930,4
1538,4
8055,1
4038,1
8130,2
3027,2
13034,4
14096,1
11419,1
9560,2
6781,1
3790,3
8127,4
1313,1
6291,1
14058,1
7453,3
8744,1
12446,2
8800,1
6426,4
11663,1
1643,1
10222,4
1137,3
11893,1
3203,1
6315,2
13950,1
9519,1
2261,4
9620,4
9863,4
3,3
12166,4
557,4
9226,1
13555,3
3343,3
1268,4
10288,4
3252,4
6703,4
12693,1
5088,4
12196,1
14084,1
10166,2
11657,1
5733,4
2922,4
13096,4
3450,4
5202,4
7881,2
1552,2
5446,1
3992,4
13451,2
1652,4
10874,4
8997,1
685,3
5931,1
8070,4
231,1
9569,1
795,4
12008,3
195,1
4309,2
14081,4
9000,4
7705,3
863,1
12872,1
4643,3
841,1
2247,1
6550,4
1906,1
3300,4
1236,3
5177,3
1807,2
2566,4
3200,2
11235,1
6606,3
5778,3
9330,1
11040,3
12434,3
2718,1
6140,1
7659,2
6667,1
10679,2
1579,2
9239,3
8487,1
11502,1
4929,2
4802,2
3867,2
13182,4
14024,4
2936,1
12950,2
11375,2
7348,4
11443,1
11519,4
7144,1
5675,4
11404,1
4524,4
1836,2
1845,4
9374,1
3396,3
13971,4
12,4
438,2
7835,1
6488,1
6890,2
7848,1
6768,4
7515,1
3385,1
9155,2
4742,1
4720,4
10442,3
5646,2
5753,3
10077,1
10347,1
9111,4
4786,1
5451,1
7302,4
7858,1
6220,2
584,2
6312,2
2941,1
635,2
7429,2
11965,3
13209,1
8323,3
1600,1
450,3
5703,4
9501,1
623,1
7887,4
12297,1
5630,1
9769,2
277,2
13632,3
8470,4
5467,1
12526,2
13317,1
7120,1
3983,4
12103,4
1760,1
6148,4
112,1
13973,1
12377,2
2686,4
2709,2
8109,4
9905,2
11108,2
11857,1
236,4
12327,1
8542,1
9375,1
515,4
946,1
3330,2
6593,4
5501,4
1805,1
6286,3
4609,4
6217,1
2174,3
4661,4
2211,4
434,4
13576,3
3633,1
6532,1
2698,1
13310,1
3942,1
10422,4
12949,4
8410,1
6338,2
9468,1
860,1
1311,1
13164,1
5367,2
2175,1
2421,3
12187,1
2094,3
3304,3
189,1
1740,3
3166,1
11115,3
4205,1
4798,2
409,2
13219,4
11046,1
13749,4
11646,3
5527,1
11074,3
3474,2
12715,1
9241,1
5954,1
7334,2
1427,1
9721,3
11637,1
4969,1
544,2
1819,1
5118,3
2592,1
2205,3
7824,2
7099,4
2333,4
3411,1
4361,2
13313,1
2774,2
4446,1
4819,3
875,4
2673,1
319,4
11102,4
10359,4
13037,3
10900,1
14094,1
8624,4
12345,1
4823,2
7719,2
6952,4
5866,1
8352,3
4876,4
13914,2
1597,4
4437,4
9889,1
12907,2
11586,2
6630,2
1938,2
7541,1
6351,1
792,1
4040,4
11209,4
8750,2
2975,1
4405,1
6314,1
7463,2
6998,4
4593,1
6288,1
248,1
5658,2
12478,2
4918,4
7345,1
12107,1
657,1
283,4
12174,4
12027,1
13994,4
13205,2
9227,3
13939,3
672,3
8701,4
10668,1
4508,2
5934,1
10119,1
2550,1
3328,1
11653,3
4277,2
8594,3
363,1
14046,1
10956,2
8233,4
13048,4
1281,4
9405,1
7318,1
1047,2
295,1
3839,2
3019,3
7592,2
3872,1
1792,1
3229,2
7314,1
7513,1
8146,4
2720,4
11611,1
1510,1
13479,1
4601,3
1935,3
344,1
1471,1
13855,2
2374,1
4571,4
931,1
7751,1
13284,4
7971,4
6641,4
9478,4
7695,2
10026,1
3377,1
3582,4
8353,1
1087,1
6166,1
3945,3
5089,4
2085,3
232,1
5621,4
11264,1
3271,1
9583,1
11075,4
6012,2
14012,1
5612,1
12667,2
4491,4
10745,2
13926,2
2905,1
7355,4
5694,1
8098,1
10034,4
8698,2
8169,4
7909,4
4695,1
2447,2
13535,2
338,1
3394,2
9310,4
1789,4
13678,2
7437,2
1104,1
14060,4
9690,1
2461,4
607,4
1876,1
4551,1
5541,4
590,1
5109,1
4964,1
793,1
10025,2
10590,2
4292,3
1404,1
510,4
11436,1
1062,1
12624,2
12214,4
4067,4
915,1
323,3
9052,1
11247,4
7002,4
182,4
732,1
813,1
2988,1
10178,1
7179,2
8938,1
252,1
8184,2
8147,1
9221,3
3575,1
12972,1
10778,1
2683,4
7465,4
11481,1
13520,1
8502,1
12161,1
12512,4
8971,1
8903,3
12740,1
5720,1
13558,2
11804,1
2149,1
11640,4
8823,1
3677,1
7827,1
11181,4
10767,4
11747,2
392,1
13771,1
8869,4
982,1
5779,3
7461,2
4938,2
9815,2
7689,3
11703,1
1939,1
7012,2
1790,1
102,2
9694,3
1348,1
869,3
10010,4
7540,4
719,3
8538,1
11933,4
9216,4
9291,3
5792,2
4271,4
855,1
12682,2
3707,1
1656,2
1125,1
1763,4
3548,3
6927,2
12422,4
4100,1
5736,1
1365,4
4432,1
708,2
8264,1
5840,3
749,1
1412,2
2515,1
11932,1
5041,3
12651,1
6619,4
8439,3
3720,4
5729,4
10167,1
13553,1
13511,1
7312,1
5575,3
10427,2
2852,2
12039,2
416,3
7487,4
10241,1
7915,4
4741,1
8462,2
10411,2
3842,3
1267,1
6655,4
7086,4
9476,1
5173,2
11049,4
458,4
11767,1
8782,1
2376,1
6775,2
880,2
7335,1
4026,3
7687,4
1072,2
1864,1
8786,1
13716,2
457,1
1182,1
12721,2
10271,3
9185,3
3036,2
2194,3
4324,4
13191,1
7353,4
1397,4
2151,3
9207,4
3215,1
8430,4
8132,2
2666,2
9902,2
2137,2
13574,2
838,1
12744,1
10904,2
6016,1
851,1
2669,2
13145,1
1144,2
1589,4
4042,2
12803,1
13967,2
8231,4
7118,2
4237,2
6318,4
8577,3
12876,4
2365,2
12236,1
2729,3
8801,3
2611,1
13271,2
6040,4
11659,1
13779,3
12652,1
3631,1
2768,3
6524,3
13781,2
2635,4
12118,2
10118,1
2390,1
9758,2
9336,2
2950,4
9624,4
13269,3
4730,4
3322,4
12389,1
6581,2
10158,1
550,1
1696,1
7198,1
6671,4
8300,1
12308,4
486,1
1193,1
5699,1
13793,2
5800,4
1620,3
9691,1
7807,1
1223,4
11283,3
8077,4
5704,2
7136,1
3769,2
636,1
12239,4
12372,1
4003,1
9524,2
5551,1
9514,2
8964,1
7934,1
7368,2
11066,3
4089,2
9600,1
9616,2
4061,2
5515,4
6675,1
12117,1
11606,2
8490,1
8344,1
1700,2
1181,1
3896,1
449,1
4210,1
12873,3
5990,1
4733,1
8726,2
10101,4
5554,2
11212,1
1121,2
1192,1
7635,4
6316,4
11842,2
975,2
5727,1
4518,2
6238,3
8106,1
7660,1
8545,3
8416,1
10610,1
1940,4
1112,4
6696,1
13425,1
12226,1
1420,4
3172,2
2631,4
3147,3
282,2
11039,4
13562,2
720,2
10617,1
13810,1
11807,1
7572,1
7116,2
9750,1
10770,1
404,4
8464,2
9173,3
4022,1
11386,1
10168,2
2519,1
1578,1
12322,1
10197,1
5784,1
9990,1
3236,2
2394,4
12659,4
2791,1
2030,2
801,4
4881,1
3419,1
11430,3
4677,4
1793,4
9890,4
3228,2
4222,3
11434,1
11618,4
2176,1
814,4
1866,1
229,1
1020,2
11180,2
6131,3
12850,2
5822,1
9898,4
9623,1
304,2
386,2
2097,1
7415,2
13533,2
1911,4
3433,1
3475,4
2258,4
12899,2
9342,1
8447,3
10533,4
7006,3
8008,2
5553,1
9135,1
8928,3
3628,4
11035,1
2810,4
4814,1
10472,4
12647,1
2041,1
7240,4
829,1
13919,2
4071,1
4170,1
5305,2
12234,1
9789,4
3471,3
13551,1
4589,2
4671,4
7201,2
11063,1
8742,1
11056,1
846,1
1705,4
11439,1
103,3
1570,3
2038,1
13788,1
724,1
12094,1
12453,3
12894,1
3715,2
6458,1
4082,4
10653,4
11689,1
13087,1
6742,1
3369,3
2204,2
11947,1
8614,1
5188,4
889,1
702,4
2680,1
10886,1
944,1
12054,1
1129,2
4628,4
11009,2
1113,2
5918,4
2353,2
5351,1
12738,1
13564,2
64,2
5764,1
9270,2
10497,1
9125,1
516,1
644,1
11624,3
8904,1
3858,4
388,2
2844,4
3961,1
1739,1
1146,1
11777,4
13346,1
2823,4
1883,1
567,4
824,1
7989,1
3691,2
3757,4
8107,2
10506,1
4676,2
2299,1
10354,4
2435,1
1880,1
4502,2
12685,1
12426,3
8927,3
10802,2
11702,1
10822,2
3580,1
12648,1
10209,1
7923,1
5528,2
2234,4
3366,4
9614,1
7658,4
375,2
3909,1
12069,2
6278,3
1436,3
7466,1
11383,1
5816,1
805,1
6663,1
11809,1
12567,2
2318,1
2820,1
747,4
13903,1
8455,2
7180,2
3597,1
3749,1
4950,2
4839,4
9245,4
4258,3
12128,3
12762,4
10624,1
930,1
3087,2
10983,4
11788,4
958,3
11958,2
761,2
3393,1
1444,4
1107,1
13756,4
10919,1
8420,1
202,1
509,3
1810,1
1295,4
